Recipe_ID,Ingredient_Name
Recipe 2,white pepper
Recipe 9,calvados
Recipe 10,garam masala
Recipe 10,star anise
Recipe 10,amchoor
Recipe 13,kirsch
Recipe 17,sriracha
Recipe 18,basmati
Recipe 18,aubergines
Recipe 18,garam masala
Recipe 19,garam masala
Recipe 20,star anise
Recipe 20,garam masala
Recipe 21,nigella seeds
Recipe 21,garam masala
Recipe 23,basmati
Recipe 23,garam masala
Recipe 24,panko
Recipe 25,Gruyère
Recipe 25,white pepper
Recipe 27,amchoor
Recipe 29,cornflour
Recipe 29,asafoetida
Recipe 30,kirsch
Recipe 32,cornflour
Recipe 35,tarragon
Recipe 39,garam masala
Recipe 48,English
Recipe 49,cornflour
Recipe 52,panko
Recipe 55,panko
Recipe 56,panko
Recipe 58,cornflour
Recipe 60,cornflour
Recipe 60,five
Recipe 62,cornflour
Recipe 63,panko
Recipe 63,gherkins
Recipe 65,nigella seeds
Recipe 65,gherkin
Recipe 66,panko
Recipe 67,demerara sugar
Recipe 70,cranberry sauce
Recipe 73,Wensleydale
Recipe 74,white chocolate
Recipe 74,biscuits
Recipe 75,demerara sugar
Recipe 77,cornflour
Recipe 78,calvados
Recipe 81,demerara sugar
Recipe 83,star anise
Recipe 86,panko
Recipe 87,biscuits
Recipe 88,demerara sugar
Recipe 89,Bramley
Recipe 91,calvados
Recipe 93,pecans
Recipe 95,calvados
Recipe 96,Bramley
Recipe 101,English
Recipe 101,Madeira
Recipe 104,tarragon
Recipe 112,tarragon
Recipe 114,aubergines
Recipe 117,aubergines
Recipe 119,French
Recipe 120,aubergines
Recipe 122,Brussels
Recipe 122,chestnuts
Recipe 126,panko
Recipe 130,cavolo nero
Recipe 131,sausagemeat
Recipe 132,five
Recipe 133,Worcestershire
Recipe 134,Brussels
Recipe 134,chestnuts
Recipe 138,white pepper
Recipe 139,mirin
Recipe 141,ajwain
Recipe 144,Lancashire
Recipe 148,pineapple
Recipe 149,Worcestershire
Recipe 151,tamari
Recipe 151,white pepper
Recipe 151,goji
Recipe 151,cornflour
Recipe 154,padron
Recipe 155,French
Recipe 156,Bramley
Recipe 157,Calvados
Recipe 158,cornflour
Recipe 159,Bramley
Recipe 161,Bramley
Recipe 166,demerara sugar
Recipe 167,pecans
Recipe 167,calvados
Recipe 168,five
Recipe 170,Bramley
Recipe 172,Calvados
Recipe 175,Bramley
Recipe 176,cornflour
Recipe 176,marzipan
Recipe 178,demerara sugar
Recipe 179,Bramley
Recipe 181,marzipan
Recipe 181,demerara sugar
Recipe 182,demerara sugar
Recipe 185,Brazil
Recipe 190,cornflour
Recipe 190,demerara sugar
Recipe 191,Brussels
Recipe 191,aduki
Recipe 191,tamari
Recipe 194,white chocolate
Recipe 195,cornflour
Recipe 197,Arbroath smokie
Recipe 198,Arbroath Smokie
Recipe 198,French
Recipe 203,star anise
Recipe 209,tarragon
Recipe 210,paella
Recipe 214,black peppermill
Recipe 217,Scotch
Recipe 217,ackee
Recipe 220,ciabatta
Recipe 221,chard
Recipe 229,Bramley
Recipe 230,aubergines
Recipe 233,garam masala
Recipe 233,cornflour
Recipe 233,mango chutney
Recipe 238,panko
Recipe 238,cornflour
Recipe 239,panko
Recipe 240,guacamole
Recipe 247,Tabasco
Recipe 249,white pepper
Recipe 278,panko
Recipe 278,aubergines
Recipe 279,aubergines
Recipe 280,aubergines
Recipe 281,aubergines
Recipe 282,aubergines
Recipe 283,aubergines
Recipe 283,garam masala
Recipe 284,aubergines
Recipe 285,aubergines
Recipe 285,nigella seeds
Recipe 286,aubergines
Recipe 288,aubergines
Recipe 290,aubergines
Recipe 291,aubergines
Recipe 292,aubergines
Recipe 295,aubergines
Recipe 295,harissa
Recipe 295,basmati
Recipe 296,pineapple
Recipe 296,cornflour
Recipe 297,garam masala
Recipe 299,cornflour
Recipe 494,orange juice
Recipe 497,garam masala
Recipe 500,hoisin sauce
Recipe 500,cornflour
Recipe 503,ciabatta
Recipe 511,tarragon
Recipe 512,Red Leicester
Recipe 513,mace
Recipe 514,Tabasco
Recipe 514,English
Recipe 514,cornflour
Recipe 516,pineapple
Recipe 522,aubergines
Recipe 522,Roquefort
Recipe 524,cornflour
Recipe 526,demerara sugar
Recipe 527,garam masala
Recipe 529,white chocolate
Recipe 530,white chocolate
Recipe 531,Pink Fir Apple
Recipe 534,agar-agar
Recipe 534,demerara sugar
Recipe 537,star anise
Recipe 541,aubergines
Recipe 542,aubergines
Recipe 544,aubergines
Recipe 549,demerara sugar
Recipe 552,tarragon
Recipe 552,okra
Recipe 554,English
Recipe 556,aubergines
Recipe 558,cornflour
Recipe 559,kimchi
Recipe 564,Brussels
Recipe 564,pecans
Recipe 566,sriracha
Recipe 569,white chocolate
Recipe 570,celeriac
Recipe 570,Jerusalem
Recipe 570,chestnuts
Recipe 571,cornflour
Recipe 577,Savoy
Recipe 577,turkey
Recipe 577,pecans
Recipe 579,demerara sugar
Recipe 581,celeriac
Recipe 581,tarragon
Recipe 582,ciabatta
Recipe 583,celeriac
Recipe 583,cobnuts
Recipe 583,tarragon
Recipe 584,Gruyère
Recipe 585,cornflour
Recipe 587,garam masala
Recipe 587,basmati
Recipe 589,Roquefort
Recipe 592,cavolo nero
Recipe 595,demerara sugar
Recipe 596,demerara sugar
Recipe 598,pappardelle
Recipe 599,taleggio
Recipe 601,demerara sugar
Recipe 601,Bramley
Recipe 604,chard
Recipe 611,rainbow chard
Recipe 619,Leicester
Recipe 621,Brussels
Recipe 621,celeriac
Recipe 622,English
Recipe 622,Tabasco
Recipe 622,Worcestershire
Recipe 623,harissa
Recipe 631,cornflour
Recipe 636,Calvados
Recipe 642,pecans
Recipe 644,garam masala
Recipe 645,pecan
Recipe 654,cornflour
Recipe 656,ciabatta
Recipe 658,cornflour
Recipe 661,star anise
Recipe 661,five
Recipe 662,basmati
Recipe 663,Worcestershire
Recipe 663,English
Recipe 667,Chinese
Recipe 668,white chocolate
Recipe 668,pecans
Recipe 670,Scotch
Recipe 671,Worcestershire
Recipe 677,cavolo nero
Recipe 678,star anise
Recipe 678,Worcestershire
Recipe 682,pineapple
Recipe 682,jalapeno chilli
Recipe 684,garam masala
Recipe 685,five
Recipe 685,star anise
Recipe 687,Savoy
Recipe 691,panko
Recipe 692,cornflour
Recipe 693,five
Recipe 695,English
Recipe 697,sriracha
Recipe 698,cornflour
Recipe 700,dulce de leche
Recipe 702,dulce de leche
Recipe 706,Bara Brith
Recipe 706,mace
Recipe 709,Scotch
Recipe 711,garam masala
Recipe 715,demerara sugar
Recipe 715,French
Recipe 716,Worcestershire
Recipe 717,demerara sugar
Recipe 719,jasmine rice
Recipe 725,cornflour
Recipe 730,marzipan
Recipe 731,English
Recipe 731,Tabasco
Recipe 731,cornflour
Recipe 732,marrowfat
Recipe 732,English
Recipe 733,jasmine rice
Recipe 734,Worcestershire
Recipe 735,cornflour
Recipe 736,star anise
Recipe 736,garam masala
Recipe 736,basmati
Recipe 739,star anise
Recipe 740,Worcestershire
Recipe 740,Tabasco
Recipe 741,asafoetida
Recipe 741,basmati
Recipe 743,garam masala
Recipe 744,mirin
Recipe 745,Caerphilly
Recipe 746,Madeira
Recipe 746,tarragon
Recipe 748,tarragon
Recipe 748,Madeira
Recipe 749,white pepper
Recipe 749,basmati
Recipe 751,jasmine rice
Recipe 751,Thai
Recipe 753,Worcestershire
Recipe 754,five
Recipe 754,cornflour
Recipe 754,cavolo nero
Recipe 758,cornflour
Recipe 760,cornflour
Recipe 761,cornflour
Recipe 761,white pepper
Recipe 762,five
Recipe 763,Stilton
Recipe 763,celeriac
Recipe 763,white pepper
Recipe 764,Lancashire
Recipe 764,Worcestershire
Recipe 767,herbes de
Recipe 767,English
Recipe 767,Worcestershire
Recipe 767,Tabasco
Recipe 768,basmati
Recipe 770,ciabatta
Recipe 771,gherkins
Recipe 772,basmati
Recipe 773,English
Recipe 774,Worcestershire
Recipe 776,Irish
Recipe 776,suet
Recipe 776,white pepper
Recipe 778,Worcestershire
Recipe 778,cannelloni
Recipe 792,mace
Recipe 793,star anise
Recipe 793,Bramley
Recipe 793,suet
Recipe 795,Worcestershire
Recipe 795,suet
Recipe 797,Aleppo
Recipe 800,star anise
Recipe 801,demerara sugar
Recipe 801,cornflour
Recipe 802,suet
Recipe 806,gherkins
Recipe 806,basmati
Recipe 808,Madeira
Recipe 811,Worcestershire
Recipe 811,Tabasco
Recipe 811,gherkin
Recipe 811,tarragon
Recipe 812,mirin
Recipe 812,Chinese
Recipe 813,cornflour
Recipe 813,pak
Recipe 815,crêpes
Recipe 815,Madeira
Recipe 816,English
Recipe 818,Madeira
Recipe 819,white pepper
Recipe 822,Jerusalem
Recipe 823,Savoy
Recipe 825,Scotch
Recipe 826,tarragon
Recipe 827,garam masala
Recipe 828,Irish
Recipe 828,chestnuts
Recipe 828,white pepper
Recipe 829,orange juice
Recipe 836,star anise
Recipe 836,rumullo
Recipe 839,garam masala
Recipe 839,basmati
Recipe 840,garam masala
Recipe 841,English
Recipe 842,panko
Recipe 843,English
Recipe 843,garam masala
Recipe 844,aubergines
Recipe 846,demerara sugar
Recipe 850,mirin
Recipe 850,cornflour
Recipe 850,English
Recipe 851,cornflour
Recipe 854,star anise
Recipe 855,galangal
Recipe 855,blachan
Recipe 855,Thai
Recipe 855,jasmine rice
Recipe 856,galangal
Recipe 856,Thai
Recipe 857,cassia
Recipe 857,garam masala
Recipe 858,asafoetida
Recipe 859,star anise
Recipe 862,galangal
Recipe 864,galangal
Recipe 864,basmati
Recipe 867,star anise
Recipe 868,Stilton
Recipe 871,harissa
Recipe 872,Worcestershire
Recipe 872,suet
Recipe 873,suet
Recipe 874,Worcestershire
Recipe 874,suet
Recipe 875,suet
Recipe 880,okra
Recipe 880,amchoor
Recipe 881,pak
Recipe 888,white chocolate
Recipe 896,demerara sugar
Recipe 898,Worcestershire
Recipe 900,marrowfat
Recipe 900,gherkins
Recipe 902,gorgonzola
Recipe 903,white chocolate
Recipe 904,cornflour
Recipe 904,gherkins
Recipe 904,tarragon
Recipe 905,English
Recipe 905,Swiss
Recipe 905,Gruyère
Recipe 907,cornflour
Recipe 912,Wensleydale
Recipe 926,basmati
Recipe 927,mirin
Recipe 927,bok choi
Recipe 927,pak
Recipe 927,kimchi
Recipe 928,mirin
Recipe 929,tarragon
Recipe 931,cornflour
Recipe 931,white pepper
Recipe 933,Bramley
Recipe 938,kirsch
Recipe 939,cornflour
Recipe 941,white chocolate
Recipe 941,kirsch
Recipe 943,English
Recipe 944,nigella seeds
Recipe 946,cornflour
Recipe 946,basmati
Recipe 947,white pepper
Recipe 947,garam masala
Recipe 948,basmati
Recipe 948,pandan
Recipe 953,sausagemeat
Recipe 953,piccalilli
Recipe 954,Worcestershire
Recipe 956,cornflour
Recipe 958,butterbeans
Recipe 959,ciabatta
Recipe 963,demerara sugar
Recipe 965,mace
Recipe 968,demerara sugar
Recipe 969,cornflour
Recipe 972,Tabasco
Recipe 976,calvados
Recipe 976,Angostura
Recipe 977,white pepper
Recipe 983,Worcestershire
Recipe 983,Tabasco
Recipe 984,English
Recipe 984,Lancashire
Recipe 984,white pepper
Recipe 987,cannelloni
Recipe 990,star anise
Recipe 992,Marsala
Recipe 993,celeriac
Recipe 995,Bramley
Recipe 995,demerara sugar
Recipe 996,Worcestershire
Recipe 996,bonito
Recipe 998,Chinese
Recipe 1000,Worcestershire
Recipe 1002,Irish
Recipe 1009,Savoy
Recipe 1010,basmati
Recipe 1012,white pepper
Recipe 1014,Swiss
Recipe 1014,Worcestershire
Recipe 1015,Madeira
Recipe 1015,white chocolate
Recipe 1017,mace
Recipe 1021,aubergines
Recipe 1026,aubergines
Recipe 1027,cornflour
Recipe 1028,basmati
Recipe 1029,pecans
Recipe 1031,cornflour
Recipe 1037,biscuits
Recipe 1037,pecan
Recipe 1037,calvados
Recipe 1045,star anise
Recipe 1048,harissa
Recipe 1050,pecan
Recipe 1051,cassava
Recipe 1052,rainbow chard
Recipe 1053,gelatine
Recipe 1056,Marsala
Recipe 1058,okra
Recipe 1064,English
Recipe 1065,floury potato
Recipe 1065,Worcestershire
Recipe 1066,English
Recipe 1066,white pepper
Recipe 1073,demerara sugar
Recipe 1074,Worcestershire
Recipe 1074,Bramley
Recipe 1075,gelatine
Recipe 1076,white pepper
Recipe 1083,Worcestershire
Recipe 1083,Tabasco
Recipe 1084,pecan
Recipe 1085,galangal
Recipe 1086,Roquefort
Recipe 1087,Worcestershire
Recipe 1087,Tabasco
Recipe 1088,Danish
Recipe 1088,Worcestershire
Recipe 1090,Stilton
Recipe 1090,white pepper
Recipe 1091,Stilton
Recipe 1093,celeriac
Recipe 1093,Swiss
Recipe 1093,Lancashire
Recipe 1093,tomatillos
Recipe 1093,jalapeno chilli
Recipe 1094,celeriac
Recipe 1096,celeriac
Recipe 1097,celeriac
Recipe 1097,pomelo
Recipe 1098,celeriac
Recipe 1098,Lancashire
Recipe 1098,Worcestershire
Recipe 1099,cornflour
Recipe 1099,panko
Recipe 1100,celeriac
Recipe 1101,celeriac
Recipe 1103,celeriac
Recipe 1104,white chocolate
Recipe 1105,celeriac
Recipe 1105,white pepper
Recipe 1106,celeriac
Recipe 1106,chard
Recipe 1109,ciabatta
Recipe 1110,dolcelatte
Recipe 1111,cornflour
Recipe 1111,white chocolate
Recipe 1112,nigella seeds
Recipe 1116,Gruyère
Recipe 1117,white pepper
Recipe 1121,lamb loin
Recipe 1122,English
Recipe 1122,Worcestershire
Recipe 1124,tarragon
Recipe 1126,pappardelle
Recipe 1133,pineapple
Recipe 1135,cornflour
Recipe 1136,floury potato
Recipe 1136,garam masala
Recipe 1139,cavolo nero
Recipe 1140,orange juice
Recipe 1148,pecan
Recipe 1149,Madeira
Recipe 1149,cavolo nero
Recipe 1154,pecans
Recipe 1154,orange juice
Recipe 1154,pecan
Recipe 1156,marzipan
Recipe 1163,garam masala
Recipe 1165,cornflour
Recipe 1168,ajwain
Recipe 1169,white chocolate
Recipe 1171,basmati
Recipe 1172,aubergines
Recipe 1174,Scotch
Recipe 1175,Scotch
Recipe 1177,pineapple
Recipe 1179,Scotch
Recipe 1182,orange juice
Recipe 1184,angostura bitters
Recipe 1185,Lancashire
Recipe 1188,asafoetida
Recipe 1189,white pepper
Recipe 1192,gelatine
Recipe 1193,mace
Recipe 1193,star anise
Recipe 1193,garam masala
Recipe 1195,harissa
Recipe 1196,ajwain
Recipe 1197,star anise
Recipe 1199,five
Recipe 1199,hoisin sauce
Recipe 1200,ketjap
Recipe 1201,tarragon
Recipe 1202,hoisin sauce
Recipe 1202,mirin
Recipe 1202,five
Recipe 1202,star anise
Recipe 1202,bok choi
Recipe 1202,cornflour
Recipe 1202,white pepper
Recipe 1203,Swiss
Recipe 1205,sausagemeat
Recipe 1208,rainbow chard
Recipe 1213,Brie
Recipe 1215,manchego
Recipe 1219,English
Recipe 1221,star anise
Recipe 1221,panko
Recipe 1224,Gruyère
Recipe 1226,Lancashire
Recipe 1226,English
Recipe 1226,garam masala
Recipe 1228,English
Recipe 1229,English
Recipe 1235,ratatouille
Recipe 1240,English
Recipe 1243,mirin
Recipe 1243,teriyaki sauce
Recipe 1250,mung dal
Recipe 1254,cornflour
Recipe 1259,Bratwurst
Recipe 1263,tarragon
Recipe 1264,Brie
Recipe 1268,English
Recipe 1269,spring
Recipe 1269,pineapple
Recipe 1270,tarragon
Recipe 1270,demerara sugar
Recipe 1273,French
Recipe 1273,tarragon
Recipe 1274,ciabatta
Recipe 1275,gelatine
Recipe 1278,mango chutney
Recipe 1279,cornflour
Recipe 1280,cavolo nero
Recipe 1281,venison
Recipe 1283,cobnuts
Recipe 1284,basmati
Recipe 1285,cornflour
Recipe 1286,tarragon
Recipe 1287,tarragon
Recipe 1288,basmati
Recipe 1291,Madeira
Recipe 1291,tarragon
Recipe 1292,cornflour
Recipe 1293,basmati
Recipe 1294,Sichuan
Recipe 1294,bao
Recipe 1297,garam masala
Recipe 1307,tarragon
Recipe 1308,cornflour
Recipe 1308,pecan
Recipe 1309,chestnuts
Recipe 1311,chestnuts
Recipe 1312,tarragon
Recipe 1313,granola
Recipe 1315,cornflour
Recipe 1316,cornflour
Recipe 1316,hoisin sauce
Recipe 1317,Bramley
Recipe 1317,chestnuts
Recipe 1318,Worcestershire
Recipe 1318,Sriracha
Recipe 1319,Comté
Recipe 1321,English
Recipe 1321,farfalle
Recipe 1324,garam masala
Recipe 1326,basmati
Recipe 1327,pak
Recipe 1328,cornflour
Recipe 1328,white pepper
Recipe 1328,jasmine rice
Recipe 1331,cornflour
Recipe 1331,bok choi
Recipe 1331,basmati
Recipe 1332,basmati
Recipe 1333,basmati
Recipe 1342,suet
Recipe 1343,puy
Recipe 1343,panko
Recipe 1348,ras-el-hanout
Recipe 1351,white pepper
Recipe 1352,galangal
Recipe 1352,Thai
Recipe 1353,hoisin sauce
Recipe 1353,bao
Recipe 1353,kimchi
Recipe 1355,cornflour
Recipe 1358,white pepper
Recipe 1359,Lancashire
Recipe 1359,cornflour
Recipe 1362,English
Recipe 1363,English
Recipe 1363,pecan
Recipe 1364,cornflour
Recipe 1364,kirsch
Recipe 1365,Red Leicester
Recipe 1366,tabasco
Recipe 1368,white pepper
Recipe 1369,English
Recipe 1370,white pepper
Recipe 1376,dulce de leche
Recipe 1378,gherkins
Recipe 1379,biscuits
Recipe 1381,basmati
Recipe 1382,cornflour
Recipe 1384,panko
Recipe 1386,ciabatta
Recipe 1389,taleggio
Recipe 1391,Worcestershire
Recipe 1391,Tabasco
Recipe 1396,kirsch
Recipe 1400,marzipan
Recipe 1404,demerara sugar
Recipe 1404,cornflour
Recipe 1411,kirsch
Recipe 1412,cornflour
Recipe 1414,kirsch
Recipe 1415,cornflour
Recipe 1417,Madeira
Recipe 1417,white chocolate
Recipe 1419,chestnuts
Recipe 1421,kirsch
Recipe 1422,white chocolate
Recipe 1423,chestnuts
Recipe 1425,chestnuts
Recipe 1426,chestnuts
Recipe 1427,chestnuts
Recipe 1428,tarragon
Recipe 1428,white pepper
Recipe 1429,tarragon
Recipe 1430,farfalle
Recipe 1431,tarragon
Recipe 1432,five
Recipe 1432,cornflour
Recipe 1432,hoisin sauce
Recipe 1434,basmati
Recipe 1435,tarragon
Recipe 1436,cornflour
Recipe 1439,nigella seeds
Recipe 1440,basmati
Recipe 1442,garam masala
Recipe 1443,garam masala
Recipe 1454,cornflour
Recipe 1455,tarragon
Recipe 1460,jasmine rice
Recipe 1463,garam masala
Recipe 1463,basmati
Recipe 1463,goji
Recipe 1464,garam masala
Recipe 1465,panko
Recipe 1466,cornflour
Recipe 1467,cornflour
Recipe 1472,basmati
Recipe 1473,mace
Recipe 1474,Bramley
Recipe 1475,white pepper
Recipe 1476,garam masala
Recipe 1477,basmati
Recipe 1478,demerara sugar
Recipe 1480,asafoetida
Recipe 1480,garam masala
Recipe 1485,cornflour
Recipe 1488,sriracha
Recipe 1492,calvados
Recipe 1493,star anise
Recipe 1502,white pepper
Recipe 1502,five
Recipe 1505,Worcestershire
Recipe 1508,gelatine
Recipe 1508,Madeira
Recipe 1509,hoisin sauce
Recipe 1511,cornflour
Recipe 1511,white pepper
Recipe 1512,cornflour
Recipe 1515,panko
Recipe 1516,Gruyère
Recipe 1517,suet
Recipe 1521,farfalle
Recipe 1522,garam masala
Recipe 1522,basmati
Recipe 1525,demerara sugar
Recipe 1531,demerara sugar
Recipe 1532,harissa
Recipe 1533,cornflour
Recipe 1536,bok choi
Recipe 1536,cornflour
Recipe 1537,tarragon
Recipe 1541,biscuits
Recipe 1542,cornflour
Recipe 1542,Brussels
Recipe 1546,star anise
Recipe 1547,star anise
Recipe 1547,Sichuan
Recipe 1547,five
Recipe 1547,white pepper
Recipe 1547,cavolo nero
Recipe 1548,white chocolate
Recipe 1554,Bramley
Recipe 1554,cornflour
Recipe 1554,demerara sugar
Recipe 1555,English
Recipe 1556,white chocolate
Recipe 1557,basmati
Recipe 1557,asafoetida
Recipe 1557,garam masala
Recipe 1558,white chocolate
Recipe 1559,white chocolate
Recipe 1560,white chocolate
Recipe 1560,marzipan
Recipe 1563,Dover
Recipe 1564,cornflour
Recipe 1564,orange juice
Recipe 1565,Dover
Recipe 1565,white pepper
Recipe 1565,rainbow chard
Recipe 1567,Dover
Recipe 1567,French
Recipe 1568,Dover
Recipe 1569,Dover
Recipe 1570,orange juice
Recipe 1571,star anise
Recipe 1571,demerara sugar
Recipe 1573,mace
Recipe 1575,English
Recipe 1575,Worcestershire
Recipe 1576,Madeira
Recipe 1576,gorgonzola
Recipe 1577,Tabasco
Recipe 1579,tarragon
Recipe 1580,English
Recipe 1580,Tabasco
Recipe 1582,Worcestershire
Recipe 1582,English
Recipe 1583,cornflour
Recipe 1585,Worcestershire
Recipe 1586,Leicester
Recipe 1589,mango chutney
Recipe 1589,garam masala
Recipe 1591,star anise
Recipe 1592,white chocolate
Recipe 1599,pecan
Recipe 1599,gorgonzola
Recipe 1599,Tabasco
Recipe 1599,worcestershire
Recipe 1600,pineapple
Recipe 1600,hoisin sauce
Recipe 1601,pecan
Recipe 1601,calvados
Recipe 1603,gorgonzola
Recipe 1606,white pepper
Recipe 1633,pak
Recipe 1634,orange juice
Recipe 1634,star anise
Recipe 1635,basmati
Recipe 1637,Tabasco
Recipe 1637,mirin
Recipe 1639,cornflour
Recipe 1640,star anise
Recipe 1643,calvados
Recipe 1643,cornflour
Recipe 1646,Savoy
Recipe 1647,Sichuan
Recipe 1647,comté
Recipe 1648,celeriac
Recipe 1648,cornflour
Recipe 1648,Jerusalem
Recipe 1648,tarragon
Recipe 1649,Gruyère
Recipe 1650,Vacherin
Recipe 1651,mace
Recipe 1651,star anise
Recipe 1653,hoisin sauce
Recipe 1654,demerara sugar
Recipe 1654,five
Recipe 1655,chestnuts
Recipe 1656,chestnuts
Recipe 1656,pappardelle
Recipe 1994,dulce de leche
Recipe 2001,biscuits
Recipe 2005,white pepper
Recipe 2007,cornflour
Recipe 2008,biscuits
Recipe 2009,marzipan
Recipe 2011,nigella seeds
Recipe 2016,marzipan
Recipe 2020,five
Recipe 2020,cornflour
Recipe 2021,basmati
Recipe 2028,mango chutney
Recipe 2028,basmati
Recipe 2032,pak
Recipe 2032,cornflour
Recipe 2033,harissa
Recipe 2035,basmati
Recipe 2039,Worcestershire
Recipe 2040,basmati
Recipe 2040,cornflour
Recipe 2040,five
Recipe 2040,pineapple
Recipe 2042,five
Recipe 2045,Bramley
Recipe 2046,Worcestershire
Recipe 2046,Tabasco
Recipe 2046,guacamole
Recipe 2048,English
Recipe 2048,Worcestershire
Recipe 2050,basmati
Recipe 2050,kimchi
Recipe 2054,garam masala
Recipe 2055,Brussels
Recipe 2060,garam masala
Recipe 2060,basmati
Recipe 2061,garam masala
Recipe 2066,tarragon
Recipe 2066,Madeira
Recipe 2066,Savoy
Recipe 2072,white pepper
Recipe 2079,Worcestershire
Recipe 2082,demerara sugar
Recipe 2086,basmati
Recipe 2090,white chocolate
Recipe 2097,white chocolate
Recipe 2100,madeira cake
Recipe 2100,Christmas
Recipe 2100,pineapple
Recipe 2103,Worcestershire
Recipe 2105,cornflour
Recipe 2106,demerara sugar
Recipe 2108,Worcestershire
Recipe 2109,jasmine rice
Recipe 2112,white pepper
Recipe 2117,basmati
Recipe 2118,cornflour
Recipe 2118,gherkins
Recipe 2123,suet
Recipe 2123,Bramley
Recipe 2123,demerara sugar
Recipe 2128,English
Recipe 2134,Worcestershire
Recipe 2135,panko
Recipe 2138,Marsala
Recipe 2138,orange juice
Recipe 2139,ciabatta
Recipe 2140,Tabasco
Recipe 2146,Calasparra
Recipe 2151,Worcestershire
Recipe 2152,Worcestershire
Recipe 2154,cornflour
Recipe 2160,mirin
Recipe 2162,orange juice
Recipe 2163,garam masala
Recipe 2163,amchoor
Recipe 2166,Worcestershire
Recipe 2181,Irish
Recipe 2186,Thai
Recipe 2193,sriracha
Recipe 2194,pineapple
Recipe 2194,Chinese
Recipe 2195,mango chutney
Recipe 2198,gelatine
Recipe 2198,Madeira
Recipe 2203,hoisin sauce
Recipe 2205,star anise
Recipe 2205,hoisin sauce
Recipe 2207,garam masala
Recipe 2210,dulce de leche
Recipe 2212,English
Recipe 2212,Worcestershire
Recipe 2213,ras-el-hanout
Recipe 2217,cornflour
Recipe 2217,white chocolate
Recipe 2221,garam masala
Recipe 2221,basmati
Recipe 2224,aquafaba
Recipe 2227,kimchi
Recipe 2229,white pepper
Recipe 2234,lamb shanks
Recipe 2238,demerara sugar
Recipe 2238,cornflour
Recipe 2240,white chocolate
Recipe 2242,Bramley
Recipe 2242,demerara sugar
Recipe 2244,basmati
Recipe 2245,marzipan
Recipe 2294,English
Recipe 2296,English
Recipe 2296,white pepper
Recipe 2298,cornflour
Recipe 2298,white pepper
Recipe 2301,white pepper
Recipe 2301,English
Recipe 2305,English
Recipe 2306,star anise
Recipe 2306,venison
Recipe 2313,red snapper
Recipe 2313,Scotch
Recipe 2489,tarragon
Recipe 2490,cavolo nero
Recipe 2490,chard
Recipe 2493,star anise
Recipe 2493,white pepper
Recipe 2497,lamb loin
Recipe 2498,mirin
Recipe 2500,red rice
Recipe 2503,Bramley
Recipe 2504,suet
Recipe 2508,suet
Recipe 2512,cornflour
Recipe 2513,mace
Recipe 2514,tarragon
Recipe 2516,chard
Recipe 2520,nigella seeds
Recipe 2528,gelatine
Recipe 2529,tarragon
Recipe 2533,star anise
Recipe 2533,Savoy
Recipe 2534,kirsch
Recipe 2534,whitecurrants
Recipe 2537,harissa
Recipe 2537,gherkins
Recipe 2538,mortadella
Recipe 2539,12
Recipe 2542,basmati
Recipe 2552,demerara sugar
Recipe 2558,sriracha
Recipe 2559,venison
Recipe 2561,English
Recipe 2563,ciabatta
Recipe 2564,Madeira
Recipe 2565,brill
Recipe 2566,tarragon
Recipe 2568,Worcestershire
Recipe 2569,pecan
Recipe 2569,calvados
Recipe 2572,compôte
Recipe 2573,mace
Recipe 2574,pak
Recipe 2575,edward
Recipe 2576,star anise
Recipe 2576,pak
Recipe 2577,galangal
Recipe 2577,jasmine rice
Recipe 2578,marrowfat
Recipe 2578,white pepper
Recipe 2578,floury potato
Recipe 2578,gherkins
Recipe 2579,gherkins
Recipe 2579,cornflour
Recipe 2580,gherkins
Recipe 2580,brill
Recipe 2582,rainbow chard
Recipe 2583,garam masala
Recipe 2585,garam masala
Recipe 2585,basmati
Recipe 2587,gherkin
Recipe 2588,white pepper
Recipe 2588,cornflour
Recipe 2589,panko
Recipe 2599,English
Recipe 2600,gherkins
Recipe 2601,ciabatta
Recipe 2603,star anise
Recipe 2603,tarragon
Recipe 2609,star anise
Recipe 2609,mirin
Recipe 2609,bok choi
Recipe 2609,Chinese
Recipe 2613,tarragon
Recipe 2614,cornflour
Recipe 2614,hoisin sauce
Recipe 2616,five
Recipe 2618,star anise
Recipe 2618,five
Recipe 2618,hoisin sauce
Recipe 2619,five
Recipe 2619,tarragon
Recipe 2620,Sichuan
Recipe 2620,star anise
Recipe 2620,five
Recipe 2620,hoisin sauce
Recipe 2620,white pepper
Recipe 2621,five
Recipe 2622,white chocolate
Recipe 2625,star anise
Recipe 2625,five
Recipe 2625,white pepper
Recipe 2625,cavolo nero
Recipe 2626,manchego
Recipe 2628,cornflour
Recipe 2634,marzipan
Recipe 2637,gelatine
Recipe 2638,Worcestershire
Recipe 2639,tarragon
Recipe 2641,cornflour
Recipe 2643,Brazil
Recipe 2643,pecan
Recipe 2644,gelatine
Recipe 2644,white chocolate
Recipe 2645,star anise
Recipe 2645,Worcestershire
Recipe 2645,English
Recipe 2646,cornflour
Recipe 2647,gorgonzola
Recipe 2649,cornflour
Recipe 2650,five
Recipe 2650,star anise
Recipe 2651,pak
Recipe 2652,basmati
Recipe 2653,Chinese
Recipe 2653,cornflour
Recipe 2656,jasmine rice
Recipe 2661,cornflour
Recipe 2662,gorgonzola
Recipe 2670,matzo
Recipe 2679,demerara sugar
Recipe 2685,calvados
Recipe 2687,kirsch
Recipe 2687,cornflour
Recipe 2687,marzipan
Recipe 2688,tarragon
Recipe 2690,French
Recipe 2692,Madeira
Recipe 2692,French
Recipe 2693,Gruyère
Recipe 2694,Gruyère
Recipe 2695,Gruyère
Recipe 2698,calvados
Recipe 2698,sausagemeat
Recipe 2698,chestnuts
Recipe 2703,celeriac
Recipe 2703,tarragon
Recipe 2703,Worcestershire
Recipe 2706,dolcelatte
Recipe 2707,tarragon
Recipe 2719,mace
Recipe 2721,cornflour
Recipe 2725,Wensleydale
Recipe 2728,gelatine
Recipe 2730,Swiss
Recipe 2735,cobnuts
Recipe 2735,star anise
Recipe 2736,Seville
Recipe 2738,pecans
Recipe 2741,pineapple
Recipe 2742,gelatine
Recipe 2746,demerara sugar
Recipe 2748,pecans
Recipe 2749,gelatine
Recipe 2750,cornflour
Recipe 2752,gherkins
Recipe 2752,Tabasco
Recipe 2753,tomatillos
Recipe 2753,Lancashire
Recipe 2756,herbes de
Recipe 2757,red snapper
Recipe 2757,Scotch
Recipe 2758,gurnard
Recipe 2758,verjus
Recipe 2761,Worcestershire
Recipe 2763,white pepper
Recipe 2763,cornflour
Recipe 2764,cavolo nero
Recipe 2765,garam masala
Recipe 2765,mango chutney
Recipe 2768,gherkin
Recipe 2770,Swiss
Recipe 2772,Scotch
Recipe 2773,aubergines
Recipe 2773,Aleppo
Recipe 2774,Worcestershire
Recipe 2774,cornflour
Recipe 2777,mango chutney
Recipe 2778,basmati
Recipe 2779,aubergines
Recipe 2780,tarragon
Recipe 2783,Worcestershire
Recipe 2786,Serrano
Recipe 2788,kimchi
Recipe 2789,cresses
Recipe 2790,white pepper
Recipe 2790,kimchi
Recipe 2791,white pepper
Recipe 2791,Brussels
Recipe 2791,star anise
Recipe 2792,Sichuan
Recipe 2792,five
Recipe 2793,rainbow chard
Recipe 2795,star anise
Recipe 2795,Sichuan
Recipe 2796,Tabasco
Recipe 2796,Worcestershire
Recipe 2800,chard
Recipe 2802,harissa
Recipe 2808,white chocolate
Recipe 2810,orange juice
Recipe 2811,star anise
Recipe 2983,mace
Recipe 2985,mace
Recipe 2987,chestnuts
Recipe 2989,chestnuts
Recipe 2990,garam masala
Recipe 2992,venison
Recipe 2994,pineapple
Recipe 2994,Brussels
Recipe 2995,star anise
Recipe 2996,star anise
Recipe 2996,pineapple
Recipe 3000,star anise
Recipe 3002,gorgonzola
Recipe 3009,ciabatta
Recipe 3013,bok choi
Recipe 3017,taleggio
Recipe 3019,tarragon
Recipe 3020,toyomansi
Recipe 3021,poussins
Recipe 3021,tarragon
Recipe 3023,kirsch
Recipe 3023,biscuits
Recipe 3028,Tabasco
Recipe 3029,white pepper
Recipe 3030,demerara sugar
Recipe 3032,sriracha
Recipe 3032,cornflour
Recipe 3032,aquafaba
Recipe 3032,white pepper
Recipe 3032,padron
Recipe 3032,daikon
Recipe 3032,five
Recipe 3032,jasmine rice
Recipe 3034,gherkins
Recipe 3036,cornflour
Recipe 3036,white pepper
Recipe 3036,Chinese
Recipe 3038,pecans
Recipe 3042,cornflour
Recipe 3044,okra
Recipe 3048,cornflour
Recipe 3049,chard
Recipe 3050,Bramley
Recipe 3053,gelatine
Recipe 3056,white chocolate
Recipe 3057,cornflour
Recipe 3058,cornflour
Recipe 3058,Scotch
Recipe 3060,white chocolate
Recipe 3065,white pepper
Recipe 3065,bok choi
Recipe 3070,pecan
Recipe 3072,nigella seeds
Recipe 3072,ajwain
Recipe 3079,marzipan
Recipe 3083,white chocolate
Recipe 3084,Caerphilly
Recipe 3084,English
Recipe 3089,basmati
Recipe 3090,English
Recipe 3091,Bramley
Recipe 3092,star anise
Recipe 3092,celeriac
Recipe 3092,Worcestershire
Recipe 3092,tarragon
Recipe 3098,cornflour
Recipe 3100,cornflour
Recipe 3105,nigella seeds
Recipe 3112,Madeira
Recipe 3114,cornflour
Recipe 3120,star anise
Recipe 3128,white chocolate
Recipe 3134,cornflour
Recipe 3136,marzipan
Recipe 3137,mace
Recipe 3137,suet
Recipe 3143,mace
Recipe 3143,suet
Recipe 3145,chestnuts
Recipe 3146,cavolo nero
Recipe 3150,amchoor
Recipe 3150,basmati
Recipe 3150,mango chutney
Recipe 3152,basmati
Recipe 3152,garam masala
Recipe 3154,cassia
Recipe 3155,ajwain
Recipe 3156,cavolo nero
Recipe 3156,five
Recipe 3156,chestnuts
Recipe 3160,garam masala
Recipe 3162,ras-el-hanout
Recipe 3174,tarragon
Recipe 3181,dulce de leche
Recipe 3184,turkey
Recipe 3185,gorgonzola
Recipe 3191,white pepper
Recipe 3193,jalapeno chilli
Recipe 3194,cornflour
Recipe 3196,cornflour
Recipe 3198,kimchi
Recipe 3200,tarragon
Recipe 3203,cornflour
Recipe 3203,Thai
Recipe 3207,cornflour
Recipe 3207,garam masala
Recipe 3212,mango chutney
Recipe 3214,cassia
Recipe 3214,pineapple
Recipe 3215,star anise
Recipe 3218,white pepper
Recipe 3223,tarragon
Recipe 3225,gherkins
Recipe 3237,jasmine rice
Recipe 3237,mirin
Recipe 3239,gelatine
Recipe 3239,teabag
Recipe 3240,cornflour
Recipe 3240,English
Recipe 3242,cavolo nero
Recipe 3243,greengages
Recipe 3247,English
Recipe 3248,Swiss
Recipe 3251,English
Recipe 3263,aubergines
Recipe 3264,aubergines
Recipe 3268,taleggio
Recipe 3270,tarragon
Recipe 3274,cavolo nero
Recipe 3275,ciabatta
Recipe 3278,Jerusalem
Recipe 3279,Swiss
Recipe 3282,ciabatta
Recipe 3289,Savoy
Recipe 3289,Stilton
Recipe 3290,herbes de Provence
Recipe 3290,cornflour
Recipe 3292,bonito
Recipe 3294,English
Recipe 3298,Thai
Recipe 3300,taleggio
Recipe 3301,cavolo nero
Recipe 3301,lamb loin
Recipe 3302,harissa
Recipe 3305,mango chutney
Recipe 3307,basmati
Recipe 3309,stilton
Recipe 3310,pineapple
Recipe 3311,English
Recipe 3311,Worcestershire
Recipe 3313,star anise
Recipe 3314,English
Recipe 3319,aubergines
Recipe 3320,aubergines
Recipe 3321,celeriac
Recipe 3321,tamari
Recipe 3321,rainbow chard
Recipe 3323,aubergines
Recipe 3324,star anise
Recipe 3324,Bramley
Recipe 3324,cobnuts
Recipe 3326,aubergines
Recipe 3326,mirin
Recipe 3333,Worcestershire
Recipe 3333,gherkin
Recipe 3342,Tabasco
Recipe 3343,tarragon
Recipe 3347,French
Recipe 3350,tarragon
Recipe 3350,white pepper
Recipe 3351,celeriac
Recipe 3353,English
Recipe 3355,bok choi
Recipe 3364,venison
Recipe 3365,Gruyère
Recipe 3370,duxelles
Recipe 3370,tarragon
Recipe 3374,tarragon
Recipe 3375,celeriac
Recipe 3377,Madeira
Recipe 3378,pak
Recipe 3379,gurnard
Recipe 3384,gurnard
Recipe 3482,herbes de Provence
Recipe 3484,English
Recipe 3485,tarragon
Recipe 3486,white pepper
Recipe 3487,cornflour
Recipe 3487,nigella seeds
Recipe 3488,goujons
Recipe 3488,matzo
Recipe 3489,Aleppo
Recipe 3491,Tabasco
Recipe 3491,English
Recipe 3492,Kirsch
Recipe 3493,Madeira
Recipe 3494,Worcestershire
Recipe 3498,demerara sugar
Recipe 3498,basmati
Recipe 3499,demerara sugar
Recipe 3501,padron
Recipe 3502,Swiss
Recipe 3505,sausagemeat
Recipe 3511,white pepper
Recipe 3512,Savoy
Recipe 3513,white chocolate
Recipe 3513,biscuits
Recipe 3514,Brussels
Recipe 3514,cranberry sauce
Recipe 3517,Cayenne pepper
Recipe 3519,English
Recipe 3521,tarragon
Recipe 3522,tarragon
Recipe 3522,Jerusalem
Recipe 3522,Savoy
Recipe 3524,star anise
Recipe 3524,English
Recipe 3524,piccalilli
Recipe 3527,gelatine
Recipe 3528,turkey
Recipe 3528,cranberry sauce
Recipe 3529,turkey
Recipe 3530,Chinese
Recipe 3530,white pepper
Recipe 3530,cornflour
Recipe 3531,harissa
Recipe 3537,harissa
Recipe 3538,white pepper
Recipe 3539,cavolo nero
Recipe 3540,harissa
Recipe 3541,harissa
Recipe 3542,harissa
Recipe 3543,harissa
Recipe 3544,harissa
Recipe 3545,harissa
Recipe 3546,harissa
Recipe 3546,padron
Recipe 3546,Aleppo
Recipe 3547,harissa
Recipe 3547,chestnuts
Recipe 3549,harissa
Recipe 3550,harissa
Recipe 3551,harissa
Recipe 3552,harissa
Recipe 3553,harissa
Recipe 3555,demerara sugar
Recipe 3555,marzipan
Recipe 3555,granola
Recipe 3560,tarragon
Recipe 3561,harissa
Recipe 3561,tarragon
Recipe 3562,white pepper
Recipe 3565,demerara sugar
Recipe 3573,harissa
Recipe 3575,mango chutney
Recipe 3576,biscuits
Recipe 3576,white chocolate
Recipe 3577,biscuits
Recipe 3579,harissa
Recipe 3580,aubergines
Recipe 3580,harissa
Recipe 3582,harissa
Recipe 3584,orange juice
Recipe 3584,chestnuts
Recipe 3587,harissa
Recipe 3588,pineapple
Recipe 3589,pineapple
Recipe 3590,cornflour
Recipe 3594,panko
Recipe 3597,cornflour
Recipe 3599,English
Recipe 3601,white chocolate
Recipe 3602,pecan
Recipe 3605,garam masala
Recipe 3608,cornflour
Recipe 3611,demerara sugar
Recipe 3612,basmati
Recipe 3612,gherkins
Recipe 3620,tarragon
Recipe 3622,basmati
Recipe 3623,five
Recipe 3624,garam masala
Recipe 3628,Worcestershire
Recipe 3630,Worcestershire
Recipe 3631,celeriac
Recipe 3635,cornflour
Recipe 3643,star anise
Recipe 3644,Worcestershire
Recipe 3648,tarragon
Recipe 3650,jasmine rice
Recipe 3650,pak
Recipe 3650,Thai
Recipe 3652,pineapple
Recipe 3652,jasmine rice
Recipe 3654,star anise
Recipe 3656,Worcestershire
Recipe 3658,Marsala
Recipe 3658,chestnuts
Recipe 3659,pineapple
Recipe 3659,cornflour
Recipe 3662,English
Recipe 3662,Worcestershire
Recipe 3663,Brussels
Recipe 3663,Gruyère
Recipe 3665,cornflour
Recipe 3666,tarragon
Recipe 3669,Aleppo
Recipe 3674,tarragon
Recipe 3682,turkey
Recipe 3684,tarragon
Recipe 3685,Gruyère
Recipe 3687,tarragon
Recipe 3687,Jersey
Recipe 3692,hoisin sauce
Recipe 3694,five
Recipe 3694,hoisin sauce
Recipe 3694,white pepper
Recipe 3695,hoisin sauce
Recipe 3695,five
Recipe 3695,Chinese
Recipe 3696,hoisin sauce
Recipe 3697,hoisin sauce
Recipe 3698,pecans
Recipe 3699,cornflour
Recipe 3700,white pepper
Recipe 3709,gelatine
Recipe 3709,cornflour
Recipe 3711,Worcestershire
Recipe 3716,marrowfat
Recipe 3717,tarragon
Recipe 3725,demerara sugar
Recipe 3725,jasmine rice
Recipe 3726,okra
Recipe 3726,amchoor
Recipe 3726,asafoetida
Recipe 3728,garam masala
Recipe 3728,biscuits
Recipe 3728,English
Recipe 3736,tarragon
Recipe 3740,nigella seeds
Recipe 3741,orange juice
Recipe 3741,cornflour
Recipe 3741,English
Recipe 3745,mace
Recipe 3745,gherkins
Recipe 3746,orange juice
Recipe 3748,Scotch
Recipe 3750,chestnuts
Recipe 3757,cornflour
Recipe 3759,ciabatta
Recipe 3760,teabag
Recipe 3761,celeriac
Recipe 3765,tarragon
Recipe 3765,fleur de sel
Recipe 3767,star anise
Recipe 3768,English
Recipe 3768,demerara sugar
Recipe 3771,English
Recipe 3773,sriracha
Recipe 3773,star anise
Recipe 3773,cornflour
Recipe 3776,five
Recipe 3776,tarragon
Recipe 3777,five
Recipe 3777,pineapple
Recipe 3781,garam masala
Recipe 3782,white pepper
Recipe 3786,black peppermill
Recipe 3788,pak
Recipe 3789,white pepper
Recipe 3789,cornflour
Recipe 3791,Thai
Recipe 3793,demerara sugar
Recipe 3794,harissa
Recipe 3799,Aleppo
Recipe 3801,Tabasco
Recipe 3802,hot cross
Recipe 3802,demerara sugar
Recipe 3804,Scotch
Recipe 3804,French
Recipe 3805,cornflour
Recipe 3807,English
Recipe 3807,cornflour
Recipe 3814,gelatine
Recipe 3815,Angostura
Recipe 3817,garam masala
Recipe 3821,bok choi
Recipe 3822,Bramley
Recipe 3823,suet
Recipe 3831,gherkins
Recipe 3832,star anise
Recipe 3833,cornflour
Recipe 3839,cornflour
Recipe 3841,white pepper
Recipe 3845,sriracha
Recipe 3850,tarragon
Recipe 3853,venison
Recipe 3853,English
Recipe 3853,gherkin
Recipe 3853,Worcestershire
Recipe 3853,tarragon
Recipe 3857,white chocolate
Recipe 3862,cornflour
Recipe 3867,nigella seeds
Recipe 3870,cornflour
Recipe 3871,Seville
Recipe 3872,Worcestershire
Recipe 3887,white pepper
Recipe 3892,turkey
Recipe 3971,star anise
Recipe 3973,white chocolate
Recipe 3974,biscuits
Recipe 3978,garam masala
Recipe 3979,Bramley
Recipe 3980,white chocolate
Recipe 3981,star anise
Recipe 3981,mace
Recipe 3982,sriracha
Recipe 3983,asafoetida
Recipe 3984,garam masala
Recipe 3986,ajwain
Recipe 3990,white pepper
Recipe 3991,garam masala
Recipe 3993,garam masala
Recipe 3994,garam masala
Recipe 3997,calvados
Recipe 3997,perry
Recipe 3998,nigella seeds
Recipe 3998,pak
Recipe 3999,garam masala
Recipe 3999,cornflour
Recipe 4001,demerara sugar
Recipe 4002,demerara sugar
Recipe 4003,floury potato
Recipe 4004,galangal
Recipe 4004,Thai
Recipe 4005,ketjap
Recipe 4005,star anise
Recipe 4005,basmati
Recipe 4007,cornflour
Recipe 4007,Sichuan
Recipe 4010,garam masala
Recipe 4019,white pepper
Recipe 4021,white chocolate
Recipe 4022,galangal
Recipe 4022,pak
Recipe 4023,Irish
Recipe 4024,tarragon
Recipe 4027,Irish
Recipe 4027,white chocolate
Recipe 4028,English
Recipe 4028,Irish
Recipe 4038,Swiss
Recipe 4454,garam masala
Recipe 4454,basmati
Recipe 4459,Tabasco
Recipe 4460,Seville
Recipe 4460,gelatine
Recipe 4462,white chocolate
Recipe 4463,Scotch
Recipe 4463,orange juice
Recipe 4465,Scotch
Recipe 4465,basmati
Recipe 4467,suet
Recipe 4467,cornflour
Recipe 4468,suet
Recipe 4469,suet
Recipe 4471,Scotch
Recipe 4472,English
Recipe 4473,red snapper
Recipe 4473,basmati
Recipe 4479,Worcestershire
Recipe 4482,garam masala
Recipe 4484,demerara sugar
Recipe 4485,gorgonzola
Recipe 4485,Caerphilly
Recipe 4491,mirin
Recipe 4491,cornflour
Recipe 4493,mirin
Recipe 4493,Bonito
Recipe 4493,Chinese
Recipe 4494,cornflour
Recipe 4495,mirin
Recipe 4496,star anise
Recipe 4496,daikon
Recipe 4496,mirin
Recipe 4497,mirin
Recipe 4498,bonito
Recipe 4498,yuzu
Recipe 4498,mirin
Recipe 4500,aubergines
Recipe 4500,guacamole
Recipe 4501,mirin
Recipe 4501,chinese
Recipe 4502,Scotch
Recipe 4502,orange juice
Recipe 4506,Scotch
Recipe 4506,pineapple
Recipe 4507,Scotch
Recipe 4510,Scotch Bonnet
Recipe 4511,basmati
Recipe 4512,pineapple
Recipe 4512,coriander cress
Recipe 4514,cornflour
Recipe 4514,white pepper
Recipe 4514,orange juice
Recipe 4515,pineapple
Recipe 4516,mace
Recipe 4516,tarragon
Recipe 4516,Jersey Royal
Recipe 4517,basmati
Recipe 4517,pineapple
Recipe 4518,Scotch
Recipe 4518,demerara sugar
Recipe 4518,pineapple
Recipe 4519,Jerusalem
Recipe 4520,Jerusalem
Recipe 4521,Jerusalem
Recipe 4522,Jerusalem
Recipe 4523,John Dory
Recipe 4524,Jerusalem
Recipe 4525,basmati
Recipe 4526,Jerusalem
Recipe 4527,Scotch
Recipe 4527,basmati
Recipe 4530,John Dory
Recipe 4530,Worcestershire
Recipe 4530,gherkins
Recipe 4531,Scotch
Recipe 4532,John Dory
Recipe 4533,biscuits
Recipe 4533,white chocolate
Recipe 4535,tarragon
Recipe 4536,basmati
Recipe 4536,cornflour
Recipe 4539,mace
Recipe 4540,gorgonzola
Recipe 4951,nigella seeds
Recipe 4951,asafoetida
Recipe 4951,garam masala
Recipe 4954,basmati
Recipe 4956,orange juice
Recipe 4957,English
Recipe 4957,mirin
Recipe 4959,cornflour
Recipe 4960,tarragon
Recipe 4964,basmati
Recipe 4964,garam masala
Recipe 4966,garam masala
Recipe 4967,cornflour
Recipe 4967,panko
Recipe 4968,galangal
Recipe 4969,basmati
Recipe 4970,garam masala
Recipe 4972,basmati
Recipe 4973,garam masala
Recipe 4974,garam masala
Recipe 4975,cornflour
Recipe 4975,French
Recipe 4978,garam masala
Recipe 4980,asafoetida
Recipe 4982,venison
Recipe 4982,butterbeans
Recipe 4982,Worcestershire
Recipe 4983,cobnuts
Recipe 4984,basmati
Recipe 4986,basmati
Recipe 4987,cassia
Recipe 4992,demerara sugar
Recipe 4994,basmati
Recipe 4997,pineapple
Recipe 5012,sriracha
Recipe 5012,cavolo nero
Recipe 5012,Savoy
Recipe 5013,cornflour
Recipe 5015,kimchi
Recipe 5016,kimchi
Recipe 5016,basmati
Recipe 5017,kimchi
Recipe 5018,kimchi
Recipe 5018,panko
Recipe 5019,kimchi
Recipe 5021,Chinese
Recipe 5022,cornflour
Recipe 5022,kimchi
Recipe 5023,mirin
Recipe 5025,nashi
Recipe 5025,kimchi
Recipe 5026,mirin
Recipe 5026,lamb shanks
Recipe 5028,bok choi
Recipe 5029,kimchi
Recipe 5030,white pepper
Recipe 5030,five
Recipe 5030,daikon
Recipe 5032,mirin
Recipe 5032,cornflour
Recipe 5034,mango chutney
Recipe 5035,black peppermill
Recipe 5036,biscuits
Recipe 5038,gherkins
Recipe 5039,star anise
Recipe 5039,cornflour
Recipe 5040,pak
Recipe 5041,tarragon
Recipe 5042,star anise
Recipe 5043,blachan
Recipe 5044,white pepper
Recipe 5045,pecan
Recipe 5048,garam masala
Recipe 5051,basmati
Recipe 5054,asafoetida
Recipe 5054,mung dal
Recipe 5054,basmati
Recipe 5058,garam masala
Recipe 5059,garam masala
Recipe 5059,basmati
Recipe 5061,Chinese
Recipe 5062,mirin
Recipe 5062,kimchi
Recipe 5063,cornflour
Recipe 5063,mirin
Recipe 5449,harissa
Recipe 5452,cornflour
Recipe 5452,white pepper
Recipe 5452,Chinese
Recipe 5457,garam masala
Recipe 5458,garam masala
Recipe 5461,garam masala
Recipe 5462,white pepper
Recipe 5463,suet
Recipe 5464,lamb shanks
Recipe 5466,asafoetida
Recipe 5468,Aleppo
Recipe 5469,mace
Recipe 5469,cobnuts
Recipe 5473,gherkins
Recipe 5474,aubergines
Recipe 5475,mace
Recipe 5476,gherkins
Recipe 5476,Worcestershire
Recipe 5478,aubergines
Recipe 5478,black peppermill
Recipe 5479,mace
Recipe 5479,harissa
Recipe 5479,coriander cress
Recipe 5480,mace
Recipe 5481,garam masala
Recipe 5481,basmati
Recipe 5485,tarragon
Recipe 5485,white pepper
Recipe 5485,gelatine
Recipe 5493,Worcestershire
Recipe 5493,English
Recipe 5494,white pepper
Recipe 5496,lamb shanks
Recipe 5497,lamb shanks
Recipe 5498,ras-el-hanout
Recipe 5498,lamb shanks
Recipe 5499,lamb shanks
Recipe 5500,lamb shanks
Recipe 5501,celeriac
Recipe 5501,tarragon
Recipe 5502,demerara sugar
Recipe 5502,star anise
Recipe 5502,white pepper
Recipe 5502,English
Recipe 5504,harissa
Recipe 5504,tarragon
Recipe 5504,white pepper
Recipe 5505,lamb shanks
Recipe 5505,basmati
Recipe 5506,white pepper
Recipe 5508,celeriac
Recipe 5510,suet
Recipe 5513,tarragon
Recipe 5514,tarragon
Recipe 5515,English
Recipe 5516,harissa
Recipe 5520,aubergines
Recipe 5521,garam masala
Recipe 5524,lamb shanks
Recipe 5526,garam masala
Recipe 5526,basmati
Recipe 5527,aubergines
Recipe 5528,aubergines
Recipe 5528,harissa
Recipe 5530,aubergines
Recipe 5531,cassia
Recipe 5532,pappardelle
Recipe 5533,garam masala
Recipe 5534,Madeira
Recipe 5535,Worcestershire
Recipe 5536,garam masala
Recipe 5536,white pepper
Recipe 5536,mace
Recipe 5537,garam masala
Recipe 5538,Bramley
Recipe 5539,lamb shanks
Recipe 5539,star anise
Recipe 5539,basmati
Recipe 5541,garam masala
Recipe 5542,Aleppo
Recipe 5543,lamb shank
Recipe 5544,garam masala
Recipe 5544,nigella seeds
Recipe 5545,aubergines
Recipe 5545,Manchego
Recipe 5547,garam masala
Recipe 5547,nigella seeds
Recipe 5548,cornflour
Recipe 5549,Worcestershire
Recipe 5551,pineapple
Recipe 5554,langoustine
Recipe 5556,tarragon
Recipe 5557,Jersey Royal
Recipe 5558,star anise
Recipe 5559,cornflour
Recipe 5560,cornflour
Recipe 5561,demerara sugar
Recipe 5561,bok choi
Recipe 5563,langoustine
Recipe 5563,bonito
Recipe 5567,English
Recipe 5569,garam masala
Recipe 5570,pecans
Recipe 5572,demerara sugar
Recipe 5573,pineapple
Recipe 5576,flank
Recipe 5577,cornflour
Recipe 5579,greengages
Recipe 5579,sloe
Recipe 5586,chuck
Recipe 5586,suet
Recipe 5587,white chocolate
Recipe 5590,Worcestershire
Recipe 5591,Caerphilly
Recipe 5595,star anise
Recipe 5595,tarragon
Recipe 5596,white chocolate
Recipe 5597,demerara sugar
Recipe 5601,tarragon
Recipe 5601,chestnuts
Recipe 5601,sausagemeat
Recipe 5602,cornflour
Recipe 5602,white chocolate
Recipe 5605,turkey
Recipe 5607,white chocolate
Recipe 5610,cornflour
Recipe 5612,cornflour
Recipe 5612,mirin
Recipe 5612,basmati
Recipe 5613,gherkins
Recipe 5613,panko
Recipe 5618,garam masala
Recipe 5618,mango chutney
Recipe 5620,turkey
Recipe 5620,Brussels
Recipe 5621,saucisson
Recipe 5621,tarragon
Recipe 5622,Brussels
Recipe 5624,biscuits
Recipe 5624,cornflour
Recipe 5630,biscuits
Recipe 5635,cornflour
Recipe 5641,cornflour
Recipe 5646,cornflour
Recipe 5648,cornflour
Recipe 5651,cornflour
Recipe 5658,cornflour
Recipe 5660,cornflour
Recipe 5661,garam masala
Recipe 5662,orange juice
Recipe 5665,Stilton
Recipe 5670,English
Recipe 5671,tarragon
Recipe 5673,harissa
Recipe 5673,Gruyère
Recipe 5673,nigella seeds
Recipe 5677,garam masala
Recipe 5677,basmati
Recipe 5684,Worcestershire
Recipe 5685,Worcestershire
Recipe 5686,tarragon
Recipe 5686,white pepper
Recipe 5687,hoisin sauce
Recipe 5688,cornflour
Recipe 5689,basmati
Recipe 5692,suet
Recipe 5694,Tabasco
Recipe 5695,cornflour
Recipe 5697,langoustine
Recipe 5699,tarragon
Recipe 5704,gelatine
Recipe 5704,cornflour
Recipe 5704,white chocolate
Recipe 5705,cornflour
Recipe 5712,five
Recipe 5713,orange juice
Recipe 5719,basmati
Recipe 5720,tarragon
Recipe 5724,gelatine
Recipe 5727,basmati
Recipe 5730,tarragon
Recipe 5735,Worcestershire
Recipe 5736,jasmine rice
Recipe 5737,aubergines
Recipe 5738,suet
Recipe 5738,demerara sugar
Recipe 5741,white pepper
Recipe 5741,sriracha
Recipe 5741,Thai
Recipe 5744,pineapple
Recipe 5744,Thai
Recipe 5750,French
Recipe 5753,basmati
Recipe 5753,aubergines
Recipe 5757,Scotch
Recipe 5757,garam masala
Recipe 5757,pineapple
Recipe 5759,Worcestershire
Recipe 5759,Tabasco
Recipe 5761,gelatine
Recipe 5762,cornflour
Recipe 5771,garam masala
Recipe 5771,coriander cress
Recipe 5772,cornflour
Recipe 5772,panko
Recipe 5773,Jerusalem
Recipe 5773,star anise
Recipe 5773,tarragon
Recipe 5775,English
Recipe 5776,tarragon
Recipe 5776,mirin
Recipe 5776,Sriracha
Recipe 5777,tarragon
Recipe 5779,gherkin
Recipe 5779,gherkins
Recipe 5781,venison
Recipe 5781,sloe
Recipe 5785,Tabasco
Recipe 5790,gelatine
Recipe 5792,basmati
Recipe 5794,Chinese
Recipe 5794,pak
Recipe 5794,mirin
Recipe 5800,pecan
Recipe 5800,gorgonzola
Recipe 5809,tamari
Recipe 5809,pak
Recipe 5810,garam masala
Recipe 5811,asafoetida
Recipe 5814,mirin
Recipe 5817,white pepper
Recipe 5817,Sichuan
Recipe 5817,mirin
Recipe 5819,farfalle
Recipe 5821,tarragon
Recipe 5828,worcestershire
Recipe 5829,pecan
Recipe 5830,Worcestershire
Recipe 5832,orange juice
Recipe 5833,cornflour
Recipe 5835,cornflour
Recipe 5839,gelatine
Recipe 5841,basmati
Recipe 5843,Worcestershire
Recipe 5845,tarragon
Recipe 5848,pak
Recipe 5848,tamari
Recipe 5947,Worcestershire
Recipe 5950,English
Recipe 5950,dolcelatte
Recipe 5952,pappardelle
Recipe 5957,jasmine rice
Recipe 5957,white pepper
Recipe 5964,tarragon
Recipe 5969,English
Recipe 5972,garam masala
Recipe 5974,star anise
Recipe 5974,greengages
Recipe 5980,basmati
Recipe 5982,Angostura
Recipe 5983,English
Recipe 5984,cornflour
Recipe 5985,aubergines
Recipe 5992,chestnuts
Recipe 5996,star anise
Recipe 5996,basmati
Recipe 5997,aubergines
Recipe 5997,okra
Recipe 5997,red snapper
Recipe 5997,basmati
Recipe 6000,cornflour
Recipe 6000,garam masala
Recipe 6001,demerara sugar
Recipe 6003,gelatine
Recipe 6003,demerara sugar
Recipe 6003,biscuits
Recipe 6004,aubergines
Recipe 6004,Aleppo
Recipe 6006,cornflour
Recipe 6006,demerara sugar
Recipe 6008,cornflour
Recipe 6010,manchego
Recipe 6017,cornflour
Recipe 6019,white chocolate
Recipe 6021,white chocolate
Recipe 6021,gelatine
Recipe 6023,nigella seeds
Recipe 6023,demerara sugar
Recipe 6025,aquafaba
Recipe 6027,gelatine
Recipe 6029,gelatine
Recipe 6032,gelatine
Recipe 6033,gelatine
Recipe 6034,jalapeno chilli
Recipe 6035,mango chutney
Recipe 6035,Scotch
Recipe 6036,nigella seeds
Recipe 6036,mango chutney
Recipe 6036,English
Recipe 6038,Angostura
Recipe 6039,white chocolate
Recipe 6040,cornflour
Recipe 6041,okra
Recipe 6043,white chocolate
Recipe 6044,marzipan
Recipe 6049,cornflour
Recipe 6049,jasmine rice
Recipe 6049,Sichuan
Recipe 6056,Tabasco
Recipe 6056,Worcestershire
Recipe 6058,mirin
Recipe 6058,sriracha
Recipe 6058,cornflour
Recipe 6059,chard
Recipe 6063,okra
Recipe 6064,garam masala
Recipe 6064,nigella seeds
Recipe 6067,celeriac
Recipe 6068,marzipan
Recipe 6069,Worcestershire
Recipe 6069,celeriac
Recipe 6070,Gruyère
Recipe 6072,gelatine
Recipe 6076,Worcestershire
Recipe 6082,marzipan
Recipe 6088,aubergines
Recipe 6090,panko
Recipe 6091,cornflour
Recipe 6092,garam masala
Recipe 6094,Scotch
Recipe 6094,nashi
Recipe 6095,orange juice
Recipe 6096,basmati
Recipe 6102,orange juice
Recipe 6103,padron
Recipe 6104,bonito
Recipe 6105,demerara sugar
Recipe 6106,star anise
Recipe 6106,English
Recipe 6108,celeriac
Recipe 6108,Marsala
Recipe 6109,star anise
Recipe 6110,biscuits
Recipe 6114,Stilton
Recipe 6115,marzipan
Recipe 6119,marzipan
Recipe 6120,cornflour
Recipe 6122,cornflour
Recipe 6125,marzipan
Recipe 6128,demerara sugar
Recipe 6132,ratafia biscuits
Recipe 6132,cornflour
Recipe 6134,marzipan
Recipe 6137,cornflour
Recipe 6137,white chocolate
Recipe 6139,white chocolate
Recipe 6141,cornflour
Recipe 6141,white chocolate
Recipe 6142,Worcestershire
Recipe 6143,demerara sugar
Recipe 6146,Gruyère
Recipe 6147,cornflour
Recipe 6148,marzipan
Recipe 6149,marzipan
Recipe 6150,garam masala
Recipe 6151,marzipan
Recipe 6154,garam masala
Recipe 6154,ajwain
Recipe 6154,cornflour
Recipe 6155,asafoetida
Recipe 6158,asafoetida
Recipe 6159,garam masala
Recipe 6160,garam masala
Recipe 6162,garam masala
Recipe 6162,asafoetida
Recipe 6163,nigella seeds
Recipe 6163,amchoor
Recipe 6163,asafoetida
Recipe 6166,basmati
Recipe 6166,garam masala
Recipe 6168,celeriac
Recipe 6171,star anise
Recipe 6171,garam masala
Recipe 6172,padron
Recipe 6173,matzo
Recipe 6174,star anise
Recipe 6175,matzo
Recipe 6176,matzo
Recipe 6178,white pepper
Recipe 6180,cranberry juice
Recipe 6181,white pepper
Recipe 6185,matzo
Recipe 6187,black peppermill
Recipe 6197,English
Recipe 6200,mortadella
Recipe 6200,ciabattas
Recipe 6202,Stilton
Recipe 6204,celeriac
Recipe 6208,Seville
Recipe 6214,Worcestershire
Recipe 6216,orange juice
Recipe 6226,aquafaba
Recipe 6233,aubergines
Recipe 6236,pineapple
Recipe 6236,Champagne
Recipe 6237,pineapple
Recipe 6241,harissa
Recipe 6242,white chocolate
Recipe 6247,Seville
Recipe 6248,Cayenne pepper
Recipe 6250,orange juice
Recipe 6251,basmati
Recipe 6254,Madeira
Recipe 6254,star anise
Recipe 6254,English
Recipe 6255,basmati
Recipe 6256,panko
Recipe 6257,mango chutney
Recipe 6260,orange juice
Recipe 6261,suet
Recipe 6263,demerara sugar
Recipe 6264,Bramley
Recipe 6264,demerara sugar
Recipe 6267,cornflour
Recipe 6270,Bramley
Recipe 6271,Savoy
Recipe 6274,Bramley
Recipe 6274,suet
Recipe 6275,marzipan
Recipe 6281,Bramley
Recipe 6285,aubergines
Recipe 6291,white chocolate
Recipe 6291,biscuits
Recipe 6292,Worcestershire
Recipe 6294,basmati
Recipe 6297,basmati
Recipe 6308,pecan
Recipe 6310,chestnuts
Recipe 6318,cornflour
Recipe 6326,white chocolate
Recipe 6332,edward
Recipe 6336,marzipan
Recipe 6339,demerara sugar
Recipe 6348,Worcestershire
Recipe 6351,aubergines
Recipe 6351,yuzu
Recipe 6354,Thai
Recipe 6356,pak
Recipe 6357,mirin
Recipe 6357,coriander cress
Recipe 6358,pak
Recipe 6358,tamari
Recipe 6359,mirin
Recipe 6359,yuzu
Recipe 6359,daikon
Recipe 6359,bok choi
Recipe 6360,mirin
Recipe 6360,tarragon
Recipe 6361,pak
Recipe 6362,white pepper
Recipe 6362,pak
Recipe 6363,mirin
Recipe 6366,biscuits
Recipe 6367,tarragon
Recipe 6369,garam masala
Recipe 6369,basmati
Recipe 6370,aubergines
Recipe 6370,nigella seeds
Recipe 6370,coriander cress
Recipe 6370,basmati
Recipe 6372,Red Leicester
Recipe 6373,demerara sugar
Recipe 6375,mirin
Recipe 6375,bok choi
Recipe 6376,harissa
Recipe 6377,cornflour
Recipe 6382,Worcestershire
Recipe 6382,tarragon
Recipe 6383,Thai
Recipe 6385,Worcestershire
Recipe 6385,English
Recipe 6385,Angostura
Recipe 6385,orange juice
Recipe 6385,gherkins
Recipe 6387,Sichuan
Recipe 6388,mace
Recipe 6389,panko
Recipe 6393,black peppermill
Recipe 6396,Brussels
Recipe 6396,chestnuts
Recipe 6398,white chocolate
Recipe 6399,comté
Recipe 6401,celeriac
Recipe 6401,white pepper
Recipe 6401,bonito
Recipe 6405,ras-el-hanout
Recipe 6406,harissa
Recipe 6414,aubergines
Recipe 6415,harissa
Recipe 6422,Angostura
Recipe 6423,harissa
Recipe 6427,mortadella
Recipe 6428,cornflour
Recipe 6428,Chinese
Recipe 6428,hoisin sauce
Recipe 6429,Chinese
Recipe 6429,hoisin sauce
Recipe 6431,Chinese
Recipe 6431,gherkins
Recipe 6431,white pepper
Recipe 6433,Sichuan
Recipe 6434,aubergines
Recipe 6435,pappardelle
Recipe 6436,white chocolate
Recipe 6437,cornflour
Recipe 6440,aubergines
Recipe 6441,gelatine
Recipe 6444,star anise
Recipe 6445,orange juice
Recipe 6445,star anise
Recipe 6445,sloe
Recipe 6447,mango chutney
Recipe 6447,basmati
Recipe 6449,fleur de sel
Recipe 6452,Madeira
Recipe 6457,taleggio
Recipe 6462,French
Recipe 6463,garam masala
Recipe 6463,Worcestershire
Recipe 6465,harissa
Recipe 6465,padron
Recipe 6466,galangal
Recipe 6467,Serrano
Recipe 6468,Bramley
Recipe 6468,demerara sugar
Recipe 6470,mace
Recipe 6472,suet
Recipe 6472,demerara sugar
Recipe 6479,gherkins
Recipe 6479,Tabasco
Recipe 6479,Worcestershire
Recipe 6480,Sichuan
Recipe 6482,turkey
Recipe 6484,basmati
Recipe 6484,English
Recipe 6485,biscuits
Recipe 6486,pineapple
Recipe 6486,Thai
Recipe 6489,white chocolate
Recipe 6492,biscuits
Recipe 6493,kirsch
Recipe 6496,pineapple
Recipe 6497,Irish
Recipe 6497,nigella seeds
Recipe 6498,Red Leicester
Recipe 6498,Tabasco
Recipe 6498,white pepper
Recipe 6516,cornflour
Recipe 6517,blachan
Recipe 6517,ketjap
Recipe 6518,mirin
Recipe 6521,Serrano
Recipe 6521,French
Recipe 6522,pak
Recipe 6523,five
Recipe 6523,mace
Recipe 6524,pak
Recipe 6529,white pepper
Recipe 6532,pecans
Recipe 6533,calvados
Recipe 6534,soba noodles
Recipe 6534,daikon
Recipe 6539,pak
Recipe 6539,white pepper
Recipe 6540,cornflour
Recipe 6957,goji
Recipe 6959,demerara sugar
Recipe 6961,demerara sugar
Recipe 6961,white chocolate
Recipe 6962,cornflour
Recipe 6966,Jerusalem
Recipe 6967,celeriac
Recipe 6967,star anise
Recipe 6968,Bramley
Recipe 6968,suet
Recipe 6968,orange juice
Recipe 6969,angostura bitters
Recipe 6970,ciabatta
Recipe 6972,okra
Recipe 6972,asafoetida
Recipe 6973,garam masala
Recipe 6975,white pepper
Recipe 6975,Worcestershire
Recipe 6982,roquefort
Recipe 6983,lamb shanks
Recipe 6986,French
Recipe 6988,orange juice
Recipe 6988,chestnuts
Recipe 6988,Savoy
Recipe 6999,asafoetida
Recipe 6999,basmati
Recipe 7002,basmati
Recipe 7008,mirin
Recipe 7008,bonito
Recipe 7011,garam masala
Recipe 7013,garam masala
Recipe 7013,ajwain
Recipe 7016,Gruyère
Recipe 7021,kirsch
Recipe 7023,orange juice
Recipe 7024,orange juice
Recipe 7025,cornflour
Recipe 7027,orange juice
Recipe 7036,cornflour
Recipe 7036,white pepper
Recipe 7036,bok choi
Recipe 7038,orange juice
Recipe 7040,Worcestershire
Recipe 7042,orange juice
Recipe 7044,Marsala
Recipe 7051,star anise
Recipe 7051,basmati
Recipe 7051,tarragon
Recipe 7054,basmati
Recipe 7056,garam masala
Recipe 7063,daikon
Recipe 7064,Thai
Recipe 7065,suet
Recipe 7066,mace
Recipe 7068,white pepper
Recipe 7068,cornflour
Recipe 7068,jasmine rice
Recipe 7430,Jersey Royal
Recipe 7435,red snapper
Recipe 7436,tarragon
Recipe 7438,Worcestershire
Recipe 7438,okra
Recipe 7440,tarragon
Recipe 7440,gurnard
Recipe 7442,fleur de sel
Recipe 7448,chestnuts
Recipe 7448,Madeira
Recipe 7448,John Dory
Recipe 7449,John Dory
Recipe 7449,mango chutney
Recipe 7453,red snapper
Recipe 7454,Calvados
Recipe 7457,tarragon
Recipe 7459,calvados
Recipe 7460,gorgonzola
Recipe 7467,pecans
Recipe 7468,tarragon
Recipe 7469,star anise
Recipe 7470,cornflour
Recipe 7470,white pepper
Recipe 7471,white pepper
Recipe 7471,Tabasco
Recipe 7473,tarragon
Recipe 7475,gorgonzola
Recipe 7484,cornflour
Recipe 7486,cornflour
Recipe 7490,Worcestershire
Recipe 7490,tarragon
Recipe 7490,gherkins
Recipe 7495,white pepper
Recipe 7495,garam masala
Recipe 7495,ajwain
Recipe 7495,nigella seeds
Recipe 7496,garam masala
Recipe 7497,garam masala
Recipe 7498,garam masala
Recipe 7498,mango chutney
Recipe 7499,garam masala
Recipe 7500,garam masala
Recipe 7501,Gruyère
Recipe 7502,chestnuts
Recipe 7503,cornflour
Recipe 7503,gelatine
Recipe 7504,chestnuts
Recipe 7505,cranberry sauce
Recipe 7506,gelatine
Recipe 7507,tarragon
Recipe 7508,gelatine
Recipe 7510,harissa
Recipe 7513,gelatine
Recipe 7516,chestnuts
Recipe 7517,orange juice
Recipe 7525,garam masala
Recipe 7526,garam masala
Recipe 7526,basmati
Recipe 7527,gelatine
Recipe 7527,pineapple
Recipe 7528,gelatine
Recipe 7529,compôte
Recipe 7533,garam masala
Recipe 7533,nigella seeds
Recipe 7533,Bombay
Recipe 7541,pappardelle
Recipe 7543,pappardelle
Recipe 7544,pappardelle
Recipe 7545,sriracha
Recipe 7546,Double Gloucester
Recipe 7547,Serrano
Recipe 7553,star anise
Recipe 7553,ciabatta
Recipe 7555,gherkins
Recipe 7562,aubergines
Recipe 7564,garam masala
Recipe 7564,coriander cress
Recipe 7566,English
Recipe 7566,roquefort
Recipe 7567,Worcestershire
Recipe 7597,cassia
Recipe 7597,star anise
Recipe 7597,amchoor
Recipe 7607,floury potato
Recipe 7609,cornflour
Recipe 7609,star anise
Recipe 7616,cornflour
Recipe 7617,celeriac
Recipe 7620,tarragon
Recipe 7620,English
Recipe 7621,Madeira
Recipe 7625,white pepper
Recipe 7627,pak
Recipe 7628,padron
Recipe 7629,tarragon
Recipe 7629,English
Recipe 7629,gherkin
Recipe 7633,basmati
Recipe 7639,white pepper
Recipe 7643,garam masala
Recipe 7647,Bramley
Recipe 7648,garam masala
Recipe 7652,cornflour
Recipe 7653,tarragon
Recipe 7654,cornflour
Recipe 7657,demerara sugar
Recipe 7659,Bramley
Recipe 7662,angelica
Recipe 7662,pecans
Recipe 7670,Angostura
Recipe 7676,demerara sugar
Recipe 7677,five
Recipe 7677,cornflour
Recipe 7677,Sichuan
Recipe 7678,Sriracha
Recipe 7678,Sichuan
Recipe 7679,five
Recipe 7682,cornflour
Recipe 7688,star anise
Recipe 7688,pecans
Recipe 7691,star anise
Recipe 7691,Calvados
Recipe 7692,ciabatta
Recipe 7697,Swiss
Recipe 7701,Thai
Recipe 7702,Tabasco
Recipe 7708,Tabasco
Recipe 7710,Sichuan
Recipe 7710,tarragon
Recipe 7711,Barbary
Recipe 7717,floury potato
Recipe 7717,cavolo nero
Recipe 7721,black peppermill
Recipe 7724,farfalle
Recipe 7732,lamb loin
Recipe 7743,Stilton
Recipe 7744,cornflour
Recipe 7751,tarragon
Recipe 7752,star anise
Recipe 7753,demerara sugar
Recipe 7754,pecan
Recipe 7756,pecans
Recipe 7757,five
Recipe 7759,pecans
Recipe 7759,pecan
Recipe 7760,pecans
Recipe 7760,white chocolate
Recipe 7761,five
Recipe 7761,hoisin sauce
Recipe 7763,pak
Recipe 7763,cornflour
Recipe 7766,English
Recipe 7766,Worcestershire
Recipe 7769,orange juice
Recipe 7773,basmati
Recipe 7774,Swiss
Recipe 7777,orange juice
Recipe 7784,farfalle
Recipe 7788,cornflour
Recipe 7789,cornflour
Recipe 7790,Scotch
Recipe 7790,star anise
Recipe 7790,white pepper
Recipe 7791,sriracha
Recipe 7794,harissa
Recipe 7795,Tabasco
Recipe 7796,English
Recipe 7797,Scotch
Recipe 7799,chestnuts
Recipe 7801,Worcestershire
Recipe 7802,ciabatta
Recipe 7803,tarragon
Recipe 7803,gherkins
Recipe 7805,white pepper
Recipe 7809,star anise
Recipe 7809,Brussels
Recipe 7809,Bramley
Recipe 7811,turkey
Recipe 7811,white pepper
Recipe 7814,okra
Recipe 7814,nigella seeds
Recipe 7815,Savoy
Recipe 7817,Worcestershire
Recipe 7820,Madeira
Recipe 7822,Worcestershire
Recipe 7822,English
Recipe 7824,cornflour
Recipe 7830,fleur de sel
Recipe 7830,chestnuts
Recipe 7830,Madeira
Recipe 7833,star anise
Recipe 7846,panko
Recipe 7848,pineapple
Recipe 7848,cornflour
Recipe 7849,white chocolate
Recipe 7851,pineapple
Recipe 7852,Angostura
Recipe 7853,pineapple
Recipe 7853,Worcestershire
Recipe 7854,five
Recipe 7854,white pepper
Recipe 7854,goji
Recipe 7854,cornflour
Recipe 7854,pineapple
Recipe 7854,Sriracha
Recipe 7855,pineapple
Recipe 7855,jasmine rice
Recipe 7856,basmati
Recipe 7857,basmati
Recipe 7858,pineapple
Recipe 7858,cornflour
Recipe 7859,pineapple
Recipe 7860,pineapple
Recipe 7860,star anise
Recipe 7861,pineapple
Recipe 7862,pineapple
Recipe 7863,pineapple
Recipe 7864,pineapple
Recipe 7865,demerara sugar
Recipe 7865,pineapple
Recipe 7866,pineapple
Recipe 7867,pineapple
Recipe 7868,star anise
Recipe 7868,pineapple
Recipe 7869,pineapple
Recipe 7871,pineapple
Recipe 7871,demerara sugar
Recipe 7871,star anise
Recipe 7873,galangal
Recipe 7873,pineapple
Recipe 7877,harissa
Recipe 7878,poussins
Recipe 7878,Scotch
Recipe 7878,demerara sugar
Recipe 7880,Tabasco
Recipe 7882,cornflour
Recipe 7885,Dover
Recipe 7885,tarragon
Recipe 7888,cornflour
Recipe 7888,English
Recipe 7894,tarragon
Recipe 7894,gherkins
Recipe 7894,Brussels
Recipe 7896,marzipan
Recipe 7902,star anise
Recipe 7903,Bramley
Recipe 7904,suet
Recipe 7905,suet
Recipe 7913,white chocolate
Recipe 7918,nigella seeds
Recipe 7919,Thai
Recipe 7924,pineapple
Recipe 7925,English
Recipe 7927,harissa
Recipe 7931,padron
Recipe 7932,tarragon
Recipe 7932,star anise
Recipe 7936,tarragon
Recipe 7939,star anise
Recipe 7942,English
Recipe 7944,Marsala
Recipe 7945,tarragon
Recipe 7945,John Dory
Recipe 7948,gherkin
Recipe 7948,English
Recipe 7950,star anise
Recipe 7950,cornflour
Recipe 7954,star anise
Recipe 7955,tarragon
Recipe 7955,star anise
Recipe 7955,Jerusalem
Recipe 7957,pecan
Recipe 7957,demerara sugar
Recipe 7958,mirin
Recipe 7960,Gruyère
Recipe 7963,pecans
Recipe 7966,cornflour
Recipe 7966,gelatine
Recipe 7967,basmati
Recipe 7969,garam masala
Recipe 7972,garam masala
Recipe 7975,Savoy
Recipe 7976,garam masala
Recipe 7977,star anise
Recipe 7977,tarragon
Recipe 7978,harissa
Recipe 7979,nigella seeds
Recipe 7979,basmati
Recipe 7981,cornflour
Recipe 7984,garam masala
Recipe 7984,basmati
Recipe 7987,white pepper
Recipe 7987,cornflour
Recipe 7991,aubergines
Recipe 7992,nigella seeds
Recipe 7994,ajwain
Recipe 7998,pineapple
Recipe 7999,Tabasco
Recipe 8001,Worcestershire
Recipe 8003,Savoy
Recipe 8004,gherkins
Recipe 8005,aubergines
Recipe 8007,basmati
Recipe 8012,biscuits
Recipe 8016,mango chutney
Recipe 8016,basmati
Recipe 8021,goji
Recipe 8025,star anise
Recipe 8460,tarragon
Recipe 8461,tarragon
Recipe 8461,pappardelle
Recipe 8463,aubergines
Recipe 8473,French
Recipe 8474,chestnuts
Recipe 8474,Gorgonzola
Recipe 8477,aubergines
Recipe 8478,dijon mustard
Recipe 8478,Gouda
Recipe 8479,star anise
Recipe 8480,white pepper
Recipe 8484,Jersey Royal
Recipe 8484,white pepper
Recipe 8485,pineapple
Recipe 8486,Madeira
Recipe 8486,mace
Recipe 8486,white pepper
Recipe 8488,white pepper
Recipe 8493,pak
Recipe 8493,sriracha
Recipe 8494,kimchi
Recipe 8495,Worcestershire
Recipe 8495,English
Recipe 8499,ras-el-hanout
Recipe 8500,cornflour
Recipe 8500,white chocolate
Recipe 8501,ras-el-hanout
Recipe 8505,cornflour
Recipe 8505,sriracha
Recipe 8506,white chocolate
Recipe 8509,white chocolate
Recipe 8510,demerara sugar
Recipe 8511,white chocolate
Recipe 8512,cornflour
Recipe 8513,kirsch
Recipe 8514,cornflour
Recipe 8514,white chocolate
Recipe 8516,white chocolate
Recipe 8517,white chocolate
Recipe 8522,gelatine
Recipe 8523,cornflour
Recipe 8523,gelatine
Recipe 8524,gelatine
Recipe 8527,gelatine
Recipe 8527,biscuits
Recipe 8528,gelatine
Recipe 8529,cornflour
Recipe 8532,basmati
Recipe 8532,pandan
Recipe 8535,Savoy
Recipe 8535,nigella seeds
Recipe 8538,aubergines
Recipe 8539,star anise
Recipe 8539,Sichuan
Recipe 8539,jasmine rice
Recipe 8543,cranberry sauce
Recipe 8548,tarragon
Recipe 8552,cornflour
Recipe 8558,basmati
Recipe 8560,pineapple
Recipe 8560,Sichuan
Recipe 8562,ciabatta
Recipe 8563,red rice
Recipe 8564,red snapper
Recipe 8564,pineapple
Recipe 8565,red snapper
Recipe 8570,star anise
Recipe 8570,demerara sugar
Recipe 8571,star anise
Recipe 8571,cassia
Recipe 8572,star anise
Recipe 8587,cornflour
Recipe 8589,aubergines
Recipe 8595,blachan
Recipe 8596,English
Recipe 8604,cornflour
Recipe 8611,gelatine
Recipe 8611,angelica
Recipe 8612,star anise
Recipe 8613,star anise
Recipe 8614,cornflour
Recipe 8615,orange juice
Recipe 8617,Madeira
Recipe 8617,cornflour
Recipe 8619,cornflour
Recipe 8622,demerara sugar
Recipe 8624,Worcestershire
Recipe 8625,star anise
Recipe 8627,orange juice
Recipe 8630,basmati
Recipe 8631,basmati
Recipe 8631,red rice
Recipe 8631,pecans
Recipe 8636,Calasparra
Recipe 8637,aubergines
Recipe 8640,Bramley
Recipe 8643,white pepper
Recipe 8646,Langoustines
Recipe 8650,star anise
Recipe 8651,cornflour
Recipe 8652,demerara sugar
Recipe 8653,gelatine
Recipe 8654,demerara sugar
Recipe 8658,white chocolate
Recipe 8662,Madeira
Recipe 8663,pappardelle
Recipe 8664,tarragon
Recipe 8665,Madeira
Recipe 8666,cavolo nero
Recipe 8670,white pepper
Recipe 8672,tarragon
Recipe 8674,gelatine
Recipe 8675,ciabatta
Recipe 8681,tarragon
Recipe 8683,lamb shanks
Recipe 8685,Arborio rice
Recipe 8686,Arborio rice
Recipe 8689,white pepper
Recipe 8690,Marsala
Recipe 8690,demerara sugar
Recipe 8691,coriander cress
Recipe 8691,Arborio rice
Recipe 8694,aubergines
Recipe 8696,aubergines
Recipe 8696,red rice
Recipe 8699,aubergines
Recipe 8699,jasmine rice
Recipe 8705,celeriac
Recipe 8705,cavolo nero
Recipe 8707,English
Recipe 8713,celeriac
Recipe 8714,tarragon
Recipe 8716,garam masala
Recipe 8716,celeriac
Recipe 8719,Charlotte
Recipe 8720,garam masala
Recipe 8723,tarragon
Recipe 8724,cavolo nero
Recipe 8725,tarragon
Recipe 8730,cornflour
Recipe 8732,sausagemeat
Recipe 8735,tarragon
Recipe 8739,tarragon
Recipe 8739,Worcestershire
Recipe 8743,fleur de sel
Recipe 8745,cavolo nero
Recipe 8746,harissa
Recipe 8748,garam masala
Recipe 8749,demerara sugar
Recipe 8749,English
Recipe 8753,Madeira
Recipe 8753,cornflour
Recipe 8755,white pepper
Recipe 8760,Madeira
Recipe 8762,Bramley
Recipe 8763,Calvados
Recipe 8764,cornflour
Recipe 8769,aubergines
Recipe 8770,Marsala
Recipe 8771,star anise
Recipe 8771,celeriac
Recipe 8772,tamari
Recipe 8773,five
Recipe 8773,star anise
Recipe 8774,Madeira
Recipe 8774,five
Recipe 8774,tarragon
Recipe 8775,five
Recipe 8779,Madeira
Recipe 8780,cornflour
Recipe 8783,tarragon
Recipe 8785,Calvados
Recipe 8785,chestnuts
Recipe 8786,mirin
Recipe 8786,Sichuan
Recipe 8787,garam masala
Recipe 8787,asafoetida
Recipe 8790,tarragon
Recipe 8792,tarragon
Recipe 8792,cavolo nero
Recipe 8792,chestnuts
Recipe 8795,black peppermill
Recipe 8798,chestnuts
Recipe 8800,chestnuts
Recipe 8801,cobnuts
Recipe 8806,Madeira
Recipe 8807,Bramley
Recipe 8809,Bramley
Recipe 8809,demerara sugar
Recipe 8814,ajwain
Recipe 8814,amchoor
Recipe 8814,garam masala
Recipe 8815,poussin
Recipe 8816,poussin
Recipe 8816,basmati
Recipe 8816,garam masala
Recipe 8817,poussins
Recipe 8817,Savoy
Recipe 8818,celeriac
Recipe 8820,tarragon
Recipe 8821,Charlotte
Recipe 8824,Savoy
Recipe 8824,chestnuts
Recipe 8825,tarragon
Recipe 8827,Jerusalem
Recipe 8828,Worcestershire
Recipe 8830,star anise
Recipe 8832,English
Recipe 8833,ciabatta
Recipe 8835,garam masala
Recipe 8835,harissa
Recipe 8840,turkey
Recipe 8842,tarragon
Recipe 8843,Madeira
Recipe 8844,pecans
Recipe 8845,tarragon
Recipe 8846,coriander cress
Recipe 8847,basmati
Recipe 8856,Marsala
Recipe 8856,chestnuts
Recipe 8858,pineapple
Recipe 8859,Stilton
Recipe 8861,star anise
Recipe 8861,tarragon
Recipe 8867,gherkins
Recipe 8867,tarragon
Recipe 8872,tarragon
Recipe 8876,Marsala
Recipe 8877,Swiss
Recipe 8881,dolcelatte
Recipe 8882,Jerusalem
Recipe 8883,cornflour
Recipe 8886,Jerusalem
Recipe 8896,Bramley
Recipe 8898,cavolo nero
Recipe 8898,tarragon
Recipe 8900,Madeira
Recipe 8900,tarragon
Recipe 8901,Bramley
Recipe 8902,tarragon
Recipe 8905,pineapple
Recipe 8906,basmati
Recipe 8907,chestnuts
Recipe 8911,Worcestershire
Recipe 8915,garam masala
Recipe 8915,nigella seeds
Recipe 8916,garam masala
Recipe 8919,garam masala
Recipe 8920,basmati
Recipe 8922,garam masala
Recipe 8923,basmati
Recipe 8928,charlotte
Recipe 8928,venison
Recipe 8928,Lingonberries
Recipe 8930,cassia
Recipe 8934,chard
Recipe 8938,harissa
Recipe 8950,mango chutney
Recipe 8950,five
Recipe 8950,cornflour
Recipe 8954,biscuits
Recipe 8955,mace
Recipe 8955,garam masala
Recipe 8958,cornflour
Recipe 8959,Bramley
Recipe 8961,romesco
Recipe 8966,celeriac
Recipe 8966,harissa
Recipe 8968,chestnuts
Recipe 8970,turkey
Recipe 8970,Worcestershire
Recipe 8971,venison
Recipe 8971,Madeira
Recipe 8971,cavolo nero
Recipe 8973,Brussels
Recipe 8974,chard
Recipe 8976,demerara sugar
Recipe 8977,celeriac
Recipe 8977,Thai
Recipe 8977,star anise
Recipe 8978,aubergines
Recipe 8979,white pepper
Recipe 8981,Brussels
Recipe 8985,mirin
Recipe 8985,aubergines
Recipe 8986,cornflour
Recipe 8987,mirin
Recipe 8988,yuzu
Recipe 8991,Sriracha
Recipe 8992,cresses
Recipe 8995,mace
Recipe 8995,tarragon
Recipe 9001,tarragon
Recipe 9003,mace
Recipe 9006,jalapeno chilli
Recipe 9007,tarragon
Recipe 9009,cornflour
Recipe 9011,French
Recipe 9015,yuzu
Recipe 9016,English
Recipe 9016,white pepper
Recipe 9018,tarragon
Recipe 9020,basmati
Recipe 9023,English
Recipe 9024,daikon
Recipe 9026,tarragon
Recipe 9028,daikon
Recipe 9028,yuzu
Recipe 9032,Jersey Royal
Recipe 9035,black peppermill
Recipe 9037,Sichuan
Recipe 9037,coriander cress
Recipe 9040,demerara sugar
Recipe 9040,star anise
Recipe 9040,gherkins
Recipe 9042,Worcestershire
Recipe 9042,Tabasco
Recipe 9043,Mozzarella
Recipe 9046,Scotch
Recipe 9047,Scotch
Recipe 9048,white pepper
Recipe 9051,celeriac
Recipe 9052,English
Recipe 9055,Jersey Royal
Recipe 9055,cornflour
Recipe 9062,mirin
Recipe 9064,Worcestershire
Recipe 9070,galangal
Recipe 9070,ketjap
Recipe 9070,pineapple
Recipe 9073,pineapple
Recipe 9073,mirin
Recipe 9077,English
Recipe 9081,English
Recipe 9081,star anise
Recipe 9084,floury potato
Recipe 9084,panko
Recipe 9090,basmati
Recipe 9091,star anise
Recipe 9091,garam masala
Recipe 9092,celeriac
Recipe 9094,English
Recipe 9097,demerara sugar
Recipe 9097,white chocolate
Recipe 9097,white pepper
Recipe 9099,basmati
Recipe 9099,tarragon
Recipe 9102,Gruyère
Recipe 9103,farfalle
Recipe 9104,jasmine rice
Recipe 9107,cornflour
Recipe 9109,white chocolate
Recipe 9110,white chocolate
Recipe 9110,pecan
Recipe 9115,biscuits
Recipe 9115,cornflour
Recipe 9116,Scotch
Recipe 9119,ackee
Recipe 9119,suet
Recipe 9120,garam masala
Recipe 9120,ajwain
Recipe 9121,cornflour
Recipe 9122,amchoor
Recipe 9122,garam masala
Recipe 9122,samosas
Recipe 9122,Bombay
Recipe 9123,garam masala
Recipe 9123,ajwain
Recipe 9123,star anise
Recipe 9123,amchoor
Recipe 9125,asafoetida
Recipe 9126,jasmine rice
Recipe 9126,Pandan
Recipe 9126,ketjap
Recipe 9126,Thai
Recipe 9130,Worcestershire
Recipe 9130,cornflour
Recipe 9132,Bramley
Recipe 9139,panko
Recipe 9139,cannelloni
Recipe 9142,sausagemeat
Recipe 9143,Worcestershire
Recipe 9143,Tabasco
Recipe 9145,cranberry sauce
Recipe 9146,cranberry sauce
Recipe 9146,sausagemeat
Recipe 9147,sausagemeat
Recipe 9147,white pepper
Recipe 9151,cornflour
Recipe 9151,English
Recipe 9151,Worcestershire
Recipe 9151,white pepper
Recipe 9152,Worcestershire
Recipe 9154,Gruyère
Recipe 9158,hot cross
Recipe 9158,Gruyère
Recipe 9160,white chocolate
Recipe 9165,Tabasco
Recipe 9166,Savoy
Recipe 9169,star anise
Recipe 9170,spring
Recipe 9170,five
Recipe 9170,cornflour
Recipe 9170,orange juice
Recipe 9172,white pepper
Recipe 9173,coriander cress
Recipe 9174,celeriac
Recipe 9174,Savoy
Recipe 9174,tarragon
Recipe 9175,tarragon
Recipe 9183,sausagemeat
Recipe 9184,English
Recipe 9185,Worcestershire
Recipe 9185,Stilton
Recipe 9194,cornflour
Recipe 9194,tarragon
Recipe 9196,Worcestershire
Recipe 9197,Stilton
Recipe 9198,tarragon
Recipe 9203,celeriac
Recipe 9204,chestnuts
Recipe 9206,ciabatta
Recipe 9207,langoustine
Recipe 9208,celeriac
Recipe 9209,tarragon
Recipe 9214,cornflour
Recipe 9215,jasmine rice
Recipe 9216,celeriac
Recipe 9216,gherkin
Recipe 9220,bok choi
Recipe 9224,pineapple
Recipe 9225,Bramley
Recipe 9225,Panko
Recipe 9227,English
Recipe 9227,tarragon
Recipe 9232,ciabatta
Recipe 9232,tarragon
Recipe 9233,basmati
Recipe 9234,bonito
Recipe 9234,mirin
Recipe 9239,mirin
Recipe 9239,bonito
Recipe 9241,harissa
Recipe 9241,Aleppo
Recipe 9241,jasmine rice
Recipe 9245,Tabasco
Recipe 9248,tarragon
Recipe 9249,crabmeat
Recipe 9256,white pepper
Recipe 9260,orange juice
Recipe 9263,bonito
Recipe 9263,tarragon
Recipe 9265,tarragon
Recipe 9266,star anise
Recipe 9269,Bouquet
Recipe 9269,mace
Recipe 9270,basmati
Recipe 9271,white pepper
Recipe 9279,piccalilli
Recipe 9280,mace
Recipe 9280,white pepper
Recipe 9283,cornflour
Recipe 9284,garam masala
Recipe 9289,orange juice
Recipe 9292,tarragon
Recipe 9292,Tabasco
Recipe 9296,cornflour
Recipe 9296,tarragon
Recipe 9298,cornflour
Recipe 9299,brill
Recipe 9299,English
Recipe 9299,tamari
Recipe 9299,spring
Recipe 9303,coriander cress
Recipe 9304,mirin
Recipe 9306,Serrano
Recipe 9308,bok choi
Recipe 9309,suet
Recipe 9315,Seville
Recipe 9315,cornflour
Recipe 9316,chestnuts
Recipe 9316,basmati
Recipe 9317,Madeira
Recipe 9317,white pepper
Recipe 9318,white pepper
Recipe 9320,garam masala
Recipe 9322,Worcestershire
Recipe 9323,cornflour
Recipe 9323,Sichuan
Recipe 9324,mung dal
Recipe 9324,basmati
Recipe 9325,Bramley
Recipe 9326,orange juice
Recipe 9326,white pepper
Recipe 9327,tomatillos
Recipe 9328,cornflour
Recipe 9328,five
Recipe 9328,okra
Recipe 9328,Sichuan
Recipe 9328,hoisin sauce
Recipe 9329,Sichuan
Recipe 9329,five
Recipe 9329,bao
Recipe 9330,white pepper
Recipe 9330,garam masala
Recipe 9331,daikon
Recipe 9331,mirin
Recipe 9331,white pepper
Recipe 9331,five
Recipe 9331,sriracha
Recipe 9332,Sichuan
Recipe 9332,five
Recipe 9332,cornflour
Recipe 9332,white pepper
Recipe 9332,jasmine rice
Recipe 9333,five
Recipe 9333,jasmine rice
Recipe 9333,Sichuan
Recipe 9333,French
Recipe 9336,bok choi
Recipe 9337,aubergines
Recipe 9341,Marsala
Recipe 9346,ciabatta
Recipe 9347,coriander cress
Recipe 9347,English
Recipe 9347,Tabasco
Recipe 9347,Worcestershire
Recipe 9351,garam masala
Recipe 9352,star anise
Recipe 9353,marzipan
Recipe 9364,cornflour
Recipe 9367,pak
Recipe 9371,mirin
Recipe 9375,Jerusalem
Recipe 9376,tarragon
Recipe 9376,crabmeat
Recipe 9378,white pepper
Recipe 9382,ciabatta
Recipe 9383,Thai
Recipe 9385,demerara sugar
Recipe 9389,white pepper
Recipe 9394,pineapple
Recipe 9394,white pepper
Recipe 9394,cornflour
Recipe 9397,marzipan
Recipe 9398,orange juice
Recipe 9398,marzipan
Recipe 9401,Sriracha
Recipe 9408,hoisin sauce
Recipe 9409,cornflour
Recipe 9409,hoisin sauce
Recipe 9412,Angostura
Recipe 9413,star anise
Recipe 9413,daikon
Recipe 9413,cornflour
Recipe 9414,Jersey Royal
Recipe 9414,cavolo nero
Recipe 9415,white pepper
Recipe 9418,garam masala
Recipe 9420,Scotch
Recipe 9422,pak
Recipe 9423,cornflour
Recipe 9423,Thai
Recipe 9424,ciabatta
Recipe 9424,Taleggio
Recipe 9426,garam masala
Recipe 9428,garam masala
Recipe 9429,garam masala
Recipe 9431,garam masala
Recipe 9431,mace
Recipe 9431,basmati
Recipe 9432,garam masala
Recipe 9434,garam masala
Recipe 9436,garam masala
Recipe 9436,cornflour
Recipe 9438,mace
Recipe 9438,John Dory
Recipe 9439,garam masala
Recipe 9441,garam masala
Recipe 9441,green chutney
Recipe 9442,cornflour
Recipe 9442,bok choi
Recipe 9442,white pepper
Recipe 9444,garam masala
Recipe 9444,mace
Recipe 9444,mango chutney
Recipe 9447,star anise
Recipe 9447,crabmeat
Recipe 9454,star anise
Recipe 9459,star anise
Recipe 9461,Scotch
Recipe 9463,five
Recipe 9463,hoisin sauce
Recipe 9463,pak
Recipe 9463,Jasmine rice
Recipe 9463,white pepper
Recipe 9463,mirin
Recipe 9464,chestnuts
Recipe 9464,Brussels
Recipe 9465,star anise
Recipe 9471,basmati
Recipe 9472,tomatillos
Recipe 9475,Madeira
Recipe 9476,cavolo nero
Recipe 9479,panko
Recipe 9482,basmati
Recipe 9488,Swiss
Recipe 9489,hoisin sauce
Recipe 9491,white pepper
Recipe 9491,Jerusalem
Recipe 9493,gelatine
Recipe 9493,sloe
Recipe 9494,biscuits
Recipe 9495,agar-agar
Recipe 9499,cornflour
Recipe 9500,venison
Recipe 9500,Worcestershire
Recipe 9501,star anise
Recipe 9503,cornflour
Recipe 9504,star anise
Recipe 9506,lamb shanks
Recipe 9507,celeriac
Recipe 9507,kimchi
Recipe 9508,sloe
Recipe 9510,nigella seeds
Recipe 9515,cassia
Recipe 9519,cornflour
Recipe 9519,star anise
Recipe 9522,mace
Recipe 9523,garam masala
Recipe 9526,tarragon
Recipe 9527,tarragon
Recipe 9528,mung dal
Recipe 9528,garam masala
Recipe 9529,tarragon
Recipe 9530,tarragon
Recipe 9531,cranberry sauce
Recipe 9534,calvados
Recipe 9536,Charlotte
Recipe 9539,cornflour
Recipe 9539,pak
Recipe 9539,Thai
Recipe 9540,mirin
Recipe 9541,Thai
Recipe 9541,jasmine rice
Recipe 9543,mirin
Recipe 9544,Worcestershire Sauce
Recipe 9545,cornflour
Recipe 9545,Worcestershire
Recipe 9547,bok choi
Recipe 9548,galangal
Recipe 9548,aubergines
Recipe 9548,basmati
Recipe 9551,cornflour
Recipe 9554,daikon
Recipe 9554,sriracha
Recipe 9556,Thai
Recipe 9557,galangal
Recipe 9558,jasmine rice
Recipe 9558,Thai
Recipe 9559,galangal
Recipe 9563,biscuits
Recipe 9569,Worcestershire
Recipe 9569,mace
Recipe 9572,cornflour
Recipe 9574,Sichuan
Recipe 9574,star anise
Recipe 9574,cornflour
Recipe 9574,Savoy
Recipe 9575,cornflour
Recipe 9576,cornflour
Recipe 9578,pineapple
Recipe 9578,gelatine
Recipe 9579,orange juice
Recipe 9582,Savoy
Recipe 9583,cornflour
Recipe 9583,celeriac
Recipe 9585,Tabasco
Recipe 9585,bok choi
Recipe 9586,galangal
Recipe 9587,galangal
Recipe 9587,Thai
Recipe 9588,galangal
Recipe 9588,French
Recipe 9589,aubergines
Recipe 9589,jasmine rice
Recipe 9591,turkey
Recipe 9592,pak
Recipe 9598,galangal
Recipe 9599,French
Recipe 9599,jasmine rice
Recipe 9600,star anise
Recipe 9600,white pepper
Recipe 9600,ketjap
Recipe 9604,galangal
Recipe 9604,white pepper
Recipe 9607,pak
Recipe 9608,sriracha
Recipe 9608,cornflour
Recipe 9608,galangal
Recipe 9611,Thai
Recipe 9614,bok choi
Recipe 9616,bok choi
Recipe 9616,basmati
Recipe 9618,cornflour
Recipe 9618,star anise
Recipe 9618,Thai
Recipe 9619,crabmeat
Recipe 9619,cornflour
Recipe 9620,aubergines
Recipe 9620,Thai
Recipe 9621,gurnard
Recipe 9622,sriracha
Recipe 9622,pak
Recipe 9622,Thai
Recipe 9623,galangal
Recipe 9623,white pepper
Recipe 9626,ciabatta
Recipe 9628,Thai
Recipe 9631,red snapper
Recipe 9632,demerara sugar
Recipe 9633,suet
Recipe 9636,white pepper
Recipe 9636,ciabatta
Recipe 9640,French
Recipe 9640,Brussels
Recipe 9640,chestnuts
Recipe 9641,gherkin
Recipe 9642,turkey
Recipe 9642,panko
Recipe 9642,chestnuts
Recipe 9642,star anise
Recipe 9642,cranberry Sauce
Recipe 9648,garam masala
Recipe 9649,Stilton
Recipe 9649,Gruyère
Recipe 9651,English
Recipe 9652,mango chutney
Recipe 9652,harissa
Recipe 9653,white pepper
Recipe 9653,cornflour
Recipe 9653,jasmine rice
Recipe 9654,Gruyère
Recipe 9657,falafels
Recipe 9659,cornflour
Recipe 9663,cornflour
Recipe 9663,English
Recipe 9664,white chocolate
Recipe 9666,gherkin
Recipe 9668,Calasparra
Recipe 9670,aubergines
Recipe 9675,Brussels
Recipe 9675,cornflour
Recipe 9677,basmati
Recipe 9681,Dover
Recipe 9681,coriander cress
Recipe 9683,marzipan
Recipe 9686,white chocolate
Recipe 9691,basmati
Recipe 9691,Tabasco
Recipe 9692,star anise
Recipe 9692,bok choi
Recipe 9696,garam masala
Recipe 9696,basmati
Recipe 9696,English
Recipe 9700,garam masala
Recipe 9702,Worcestershire
Recipe 9703,biscuits
Recipe 9706,gelatine
Recipe 9707,star anise
Recipe 9710,star anise
Recipe 9712,ciabatta
Recipe 9717,Worcestershire
Recipe 9720,Tabasco
Recipe 9720,Worcestershire
Recipe 9725,Tabasco
Recipe 9725,Worcestershire
Recipe 9725,angostura bitters
Recipe 9726,gherkins
Recipe 9729,cornflour
Recipe 9731,biscotti
Recipe 9732,Madeira
Recipe 9733,Marsala
Recipe 9735,Marsala
Recipe 9736,English
Recipe 9736,Savoy
Recipe 9738,pineapple
Recipe 9738,mango chutney
Recipe 9741,biscuits
Recipe 9743,demerara sugar
Recipe 9748,cornflour
Recipe 9749,Bramley
Recipe 9749,cornflour
Recipe 9752,calvados
Recipe 9753,pak
Recipe 9753,cornflour
Recipe 9753,ketjap
Recipe 9754,garam masala
Recipe 9754,basmati
Recipe 9755,basmati
Recipe 9757,tamari
Recipe 9758,orange juice
Recipe 9760,sriracha
Recipe 9763,cornflour
Recipe 9764,garam masala
Recipe 9766,galangal
Recipe 9767,celeriac
Recipe 9767,English
Recipe 9768,demerara sugar
Recipe 9769,basmati
Recipe 9771,padron
Recipe 9774,ciabatta
Recipe 9775,galangal
Recipe 9775,soba noodles
Recipe 9775,thai
Recipe 9782,Arbroath
Recipe 9782,Arbroath smokie
Recipe 9783,floury potato
Recipe 9786,white pepper
Recipe 9795,marzipan
Recipe 9797,demerara sugar
Recipe 9798,star anise
Recipe 9801,ajwain
Recipe 9801,nigella seeds
Recipe 9804,pecans
Recipe 9804,white chocolate
Recipe 9810,chestnuts
Recipe 9812,Sichuan
Recipe 9812,sriracha
Recipe 9812,cornflour
Recipe 9813,pineapple
Recipe 9813,pecans
Recipe 9814,cornflour
Recipe 9820,Jersey Royal
Recipe 9826,aubergines
Recipe 9840,farfalle
Recipe 9841,gherkins
Recipe 9843,sourdough fougasse
Recipe 9845,sriracha
Recipe 9845,English
Recipe 9845,basmati
Recipe 9848,orange juice
Recipe 9848,Jersey Royal
Recipe 9849,Wensleydale
Recipe 9850,ciabatta
Recipe 9853,marzipan
Recipe 9854,tarragon
Recipe 9854,gherkins
Recipe 9859,bonito
Recipe 9861,turkey
Recipe 9862,turkey
Recipe 9862,sausagemeat
Recipe 9862,chestnuts
Recipe 9863,turkey
Recipe 9863,Worcestershire
Recipe 9864,turkey
Recipe 9866,turkey
Recipe 9868,turkey
Recipe 9870,turkey
Recipe 9870,sausagemeat
Recipe 9870,chestnuts
Recipe 9872,turkey
Recipe 9873,tarragon
Recipe 9874,turkey
Recipe 9874,Marsala
Recipe 9875,turkey
Recipe 9875,Worcestershire
Recipe 9876,white pepper
Recipe 9876,pak
Recipe 9876,Brussels
Recipe 9877,turkey
Recipe 9879,turkey
Recipe 9881,Gruyère
Recipe 9881,Marsala
Recipe 9881,cavolo nero
Recipe 9882,basmati
Recipe 9884,turkey
Recipe 9885,turkey
Recipe 9887,turkey
Recipe 9887,mirin
Recipe 9888,tarragon
Recipe 9889,tarragon
Recipe 9890,Aleppo
Recipe 9891,Turkish
Recipe 9892,cornflour
Recipe 9893,turkey
Recipe 9893,guacamole
Recipe 9894,cranberry sauce
Recipe 9895,Turkish
Recipe 9896,garam masala
Recipe 9912,cornflour
Recipe 9913,bonito
Recipe 9916,Worcestershire
Recipe 9916,mirin
Recipe 9916,panko
Recipe 9916,Chinese
Recipe 9917,black peppermill
Recipe 9917,Lancashire
Recipe 9919,tarragon
Recipe 9924,Swiss
Recipe 9926,daikon
Recipe 9926,cornflour
Recipe 9927,Gruyère
Recipe 9928,gelatine
Recipe 9931,mirin
Recipe 9931,bok choi
Recipe 9933,mango chutney
Recipe 9935,gherkins
Recipe 9937,cornflour
Recipe 9938,marzipan
Recipe 9940,marzipan
Recipe 9943,pineapple
Recipe 9945,demerara sugar
Recipe 9946,nigella seeds
Recipe 9948,Aleppo
Recipe 9950,hoisin sauce
Recipe 9950,sriracha
Recipe 9951,harissa
Recipe 9953,Stilton
Recipe 9953,cornflour
Recipe 9963,pineapple
Recipe 9963,marzipan
Recipe 9965,cornflour
Recipe 9967,Stilton
Recipe 9968,white pepper
Recipe 9968,jasmine rice
Recipe 10451,cornflour
Recipe 10451,demerara sugar
Recipe 10452,gelatine
Recipe 10457,demerara sugar
Recipe 10459,Savoy
Recipe 10463,gelatine
Recipe 10466,Madeira
Recipe 10466,calvados
Recipe 10467,Stilton
Recipe 10468,celeriac
Recipe 10468,tarragon
Recipe 10468,panko
Recipe 10469,basmati
Recipe 10472,white pepper
Recipe 10472,gherkin
Recipe 10473,Bramley
Recipe 10473,pecan
Recipe 10476,pecan
Recipe 10477,orange juice
Recipe 10478,star anise
Recipe 10479,aubergines
Recipe 10480,tamari
Recipe 10481,pecan
Recipe 10482,aquafaba
Recipe 10483,cornflour
Recipe 10483,demerara sugar
Recipe 10491,tamari
Recipe 10492,sriracha
Recipe 10493,garam masala
Recipe 10493,basmati
Recipe 10494,cornflour
Recipe 10494,kirsch
Recipe 10496,Scotch
Recipe 10496,mirin
Recipe 10498,cornflour
Recipe 10500,cornflour
Recipe 10505,goji
Recipe 10509,star anise
Recipe 10510,cornflour
Recipe 10510,pecans
Recipe 10511,marzipan
Recipe 10511,aquafaba
Recipe 10516,cornflour
Recipe 10517,cornflour
Recipe 10517,demerara sugar
Recipe 10518,agar-agar
Recipe 10521,cornflour
Recipe 10523,pecans
Recipe 10524,white pepper
Recipe 10528,ciabattas
Recipe 10531,cornflour
Recipe 10536,agar-agar
Recipe 10537,cornflour
Recipe 10537,Brussels
Recipe 10538,aquafaba
Recipe 10538,white pepper
Recipe 10539,demerara sugar
Recipe 10540,cornflour
Recipe 10545,cornflour
Recipe 10547,aquafaba
Recipe 10554,pappardelle
Recipe 10554,tamari
Recipe 10555,paella
Recipe 10556,aquafaba
Recipe 10557,harissa
Recipe 10557,cavolo nero
Recipe 10561,Thai
Recipe 10562,teabag
Recipe 10565,harissa
Recipe 10566,garam masala
Recipe 10568,tamari
Recipe 10571,English
Recipe 10571,celeriac
Recipe 10571,tarragon
Recipe 10574,garam masala
Recipe 10574,basmati
Recipe 10575,celeriac
Recipe 10575,French
Recipe 10575,Savoy
Recipe 10576,garam masala
Recipe 10576,okra
Recipe 10577,basmati
Recipe 10577,garam masala
Recipe 10580,mirin
Recipe 10580,cornflour
Recipe 10580,jasmine rice
Recipe 10582,basmati
Recipe 10583,Worcestershire
Recipe 10583,Tabasco
Recipe 10584,garam masala
Recipe 10588,five
Recipe 10588,bok choi
Recipe 10589,cornflour
Recipe 10591,mango chutney
Recipe 10592,garam masala
Recipe 10594,basmati
Recipe 10595,aubergines
Recipe 10602,cornflour
Recipe 10603,tamari
Recipe 10603,Bramley
Recipe 10604,Thai
Recipe 10605,cornflour
Recipe 10605,Worcestershire
Recipe 10606,star anise
Recipe 10606,cornflour
Recipe 10606,panko
Recipe 10607,cornflour
Recipe 10608,French
Recipe 10608,basmati
Recipe 10609,cornflour
Recipe 10613,pecan
Recipe 10613,chestnuts
Recipe 10618,star anise
Recipe 10618,celeriac
Recipe 10618,cornflour
Recipe 10621,nigella seeds
Recipe 10621,garam masala
Recipe 10624,garam masala
Recipe 10625,basmati
Recipe 10625,garam masala
Recipe 10629,galangal
Recipe 10629,French
Recipe 10632,chestnuts
Recipe 10634,demerara sugar
Recipe 10634,Tabasco
Recipe 10636,garam masala
Recipe 10646,manchego
Recipe 10647,Worcestershire
Recipe 10649,Gruyère
Recipe 10650,Calasparra
Recipe 10651,five
Recipe 10651,cavolo nero
Recipe 10651,white pepper
Recipe 10651,spring
Recipe 10653,asafoetida
Recipe 10655,manchego
Recipe 10664,orange juice
Recipe 10667,venison
Recipe 10667,garam masala
Recipe 10668,celeriac
Recipe 10669,venison
Recipe 10670,venison
Recipe 10671,venison
Recipe 10672,demerara sugar
Recipe 10672,venison
Recipe 10672,Sichuan
Recipe 10673,galangal
Recipe 10673,venison
Recipe 10674,venison
Recipe 10674,cranberry sauce
Recipe 10675,suet
Recipe 10675,English
Recipe 10675,mace
Recipe 10675,venison
Recipe 10676,venison
Recipe 10677,Stilton
Recipe 10677,white pepper
Recipe 10677,venison
Recipe 10678,venison
Recipe 10679,celeriac
Recipe 10679,venison
Recipe 10680,venison
Recipe 10681,venison
Recipe 10683,venison
Recipe 10684,venison
Recipe 10684,tarragon
Recipe 10719,star anise
Recipe 10719,hoisin sauce
Recipe 10720,cornflour
Recipe 10723,star anise
Recipe 10723,five
Recipe 10723,jasmine rice
Recipe 10725,Aleppo
Recipe 10726,sriracha
Recipe 10726,Thai
Recipe 10732,Tabasco
Recipe 10732,Worcestershire
Recipe 10736,biscuits
Recipe 10736,cornflour
Recipe 10737,Madeira
Recipe 10740,Worcestershire
Recipe 10743,white pepper
Recipe 10743,piccalilli
Recipe 10744,Stilton
Recipe 10746,Arborio rice
Recipe 10749,basmati
Recipe 10750,teriyaki sauce
Recipe 10750,soba noodles
Recipe 10753,venison
Recipe 10754,ciabatta
Recipe 10756,venison
Recipe 10756,Jerusalem
Recipe 10756,garam masala
Recipe 10758,venison
Recipe 10758,mirin
Recipe 10758,hoisin sauce
Recipe 10758,star anise
Recipe 10759,venison
Recipe 10759,cornflour
Recipe 10760,venison
Recipe 10761,English
Recipe 10761,venison
Recipe 10762,venison
Recipe 10957,Worcestershire
Recipe 10957,crabmeat
Recipe 10960,jasmine rice
Recipe 10963,Stilton
Recipe 10964,mirin
Recipe 10965,demerara sugar
Recipe 10965,cornflour
Recipe 10966,white pepper
Recipe 10968,Stilton
Recipe 10975,Jerusalem
Recipe 10975,Roquefort
Recipe 10975,star anise
Recipe 10980,Amaretto
Recipe 10981,French
Recipe 10981,worcestershire
Recipe 10981,Tabasco
Recipe 10983,mirin
Recipe 10983,five
Recipe 10985,pecans
Recipe 10986,Brussels
Recipe 10987,five
Recipe 10991,harissa
Recipe 10996,star anise
Recipe 11002,Jersey Royal
Recipe 11003,marzipan
Recipe 11005,cornflour
Recipe 11005,hoisin sauce
Recipe 11006,white pepper
Recipe 11011,white pepper
Recipe 11016,gorgonzola
Recipe 11019,English
Recipe 11019,Worcestershire
Recipe 11019,cranberry juice
Recipe 11019,Brussels
Recipe 11020,harissa
Recipe 11023,Worcestershire
Recipe 11023,English
Recipe 11026,Worcestershire
Recipe 11030,Angostura
Recipe 11032,white pepper
Recipe 11037,daikon
Recipe 11042,star anise
Recipe 11042,white pepper
Recipe 11044,celeriac
Recipe 11044,cavolo nero
Recipe 11045,Pink Fir Apple
Recipe 11046,tarragon
Recipe 11047,tarragon
Recipe 11051,Sichuan
Recipe 11052,John Dory
Recipe 11052,langoustine
Recipe 11054,pineapple
Recipe 11054,star anise
Recipe 11055,Sichuan
Recipe 11055,coriander cress
Recipe 11056,mango chutney
Recipe 11057,celeriac
Recipe 11062,garam masala
Recipe 11062,demerara sugar
Recipe 11063,panko
Recipe 11065,tarragon
Recipe 11069,star anise
Recipe 11069,lamb shank
Recipe 11069,pappardelle
Recipe 11069,Savoy
Recipe 11071,pappardelle
Recipe 11072,Seville
Recipe 11072,celeriac
Recipe 11073,garam masala
Recipe 11073,coriander cress
Recipe 11075,cornflour
Recipe 11079,celeriac
Recipe 11080,white pepper
Recipe 11083,white pepper
Recipe 11089,white chocolate
Recipe 11090,white chocolate
Recipe 11091,white chocolate
Recipe 11092,white chocolate
Recipe 11092,cornflour
Recipe 11093,white chocolate
Recipe 11094,white chocolate
Recipe 11095,white chocolate
Recipe 11096,white chocolate
Recipe 11097,white chocolate
Recipe 11098,white chocolate
Recipe 11099,white chocolate
Recipe 11100,white chocolate
Recipe 11101,white chocolate
Recipe 11101,cornflour
Recipe 11104,tarragon
Recipe 11106,tarragon
Recipe 11108,basmati
Recipe 11109,tarragon
Recipe 11111,Arborio rice
Recipe 11111,Jerusalem
Recipe 11117,celeriac
Recipe 11119,cavolo nero
Recipe 11120,Brussels
Recipe 11122,Bramley
Recipe 11122,demerara sugar
Recipe 11123,cranberry juice
Recipe 11124,star anise
Recipe 11126,demerara sugar
Recipe 11126,cornflour
Recipe 11941,mirin
Recipe 11945,Aleppo
Recipe 11946,tarragon
Recipe 11951,Worcestershire
Recipe 11953,marzipan
Recipe 11955,white pepper
Recipe 11956,cornflour
Recipe 11956,aubergines
Recipe 11956,jasmine rice
Recipe 11957,star anise
Recipe 11957,demerara sugar
Recipe 11957,daikon
Recipe 11957,pomelo
Recipe 11958,mirin
Recipe 11958,star anise
Recipe 11958,Sichuan
Recipe 12441,Scotch
Recipe 12442,basmati
Recipe 12444,French
