Ingredient_Name,Frequency
cornflour,343
tarragon,185
garam masala,182
white pepper,159
star anise,155
basmati,155
Worcestershire,141
English,121
demerara sugar,112
white chocolate,92
aubergines,81
pineapple,72
mirin,64
celeriac,61
harissa,60
five,56
gelatine,53
chestnuts,53
Tabasco,51
Bramley,51
orange juice,50
Madeira,43
mace,41
marzipan,39
panko,38
gherkins,38
jasmine rice,37
pak,37
nigella seeds,36
Thai,35
suet,35
Scotch,35
venison,34
ciabatta,34
cavolo nero,33
hoisin sauce,32
biscuits,32
Sichuan,30
turkey,30
pecans,28
mango chutney,27
galangal,27
Savoy,27
Gruyère,27
sriracha,27
French,26
pecan,26
Brussels,26
bok choi,25
Jerusalem,22
asafoetida,22
Stilton,20
calvados,19
kimchi,19
Chinese,18
Marsala,16
kirsch,16
coriander cress,15
Swiss,15
pappardelle,14
Aleppo,14
daikon,14
tamari,14
gorgonzola,14
lamb shanks,14
ajwain,14
okra,13
gherkin,13
sausagemeat,13
bonito,12
amchoor,11
Lancashire,10
Jersey Royal,10
black peppermill,10
chard,10
padron,10
Angostura,10
cranberry sauce,10
cassia,9
red snapper,9
aquafaba,9
farfalle,8
floury potato,8
John Dory,8
Irish,8
Dover,7
ras-el-hanout,7
Calvados,7
ketjap,7
cobnuts,7
rainbow chard,7
Seville,7
matzo,6
dulce de leche,6
goji,6
taleggio,6
yuzu,6
Sriracha,6
gurnard,5
crabmeat,5
manchego,5
Serrano,5
fleur de sel,5
jalapeno chilli,5
langoustine,5
sloe,5
Arborio rice,5
Calasparra,4
red rice,4
spring,4
mung dal,4
lamb loin,4
agar-agar,4
marrowfat,4
guacamole,4
dolcelatte,4
Red Leicester,4
piccalilli,4
Caerphilly,4
blachan,4
tomatillos,4
Roquefort,4
Wensleydale,4
greengages,3
worcestershire,3
brill,3
cannelloni,3
teabag,3
poussins,3
mortadella,3
angostura bitters,3
cranberry juice,3
Charlotte,3
soba noodles,3
bao,3
Pink Fir Apple,2
Bombay,2
cresses,2
Turkish,2
poussin,2
Brazil,2
angelica,2
roquefort,2
herbes de Provence,2
lamb shank,2
Cayenne pepper,2
ciabattas,2
Arbroath smokie,2
ackee,2
paella,2
nashi,2
hot cross,2
teriyaki sauce,2
Brie,2
butterbeans,2
edward,2
compôte,2
granola,2
Leicester,2
pandan,2
comté,2
herbes de,2
pomelo,2
verjus,1
Lingonberries,1
charlotte,1
ratatouille,1
dijon mustard,1
Bratwurst,1
Langoustines,1
Gouda,1
Gorgonzola,1
Barbary,1
romesco,1
Pandan,1
Mozzarella,1
samosas,1
Double Gloucester,1
Panko,1
Bouquet,1
Taleggio,1
green chutney,1
Jasmine rice,1
Worcestershire Sauce,1
cranberry Sauce,1
falafels,1
biscotti,1
thai,1
Arbroath,1
sourdough fougasse,1
Danish,1
Champagne,1
cassava,1
Comté,1
toyomansi,1
Bara Brith,1
12,1
whitecurrants,1
stilton,1
duxelles,1
goujons,1
Kirsch,1
Jersey,1
crêpes,1
Christmas,1
perry,1
Bonito,1
madeira cake,1
chinese,1
Scotch Bonnet,1
Vacherin,1
Arbroath Smokie,1
rumullo,1
tabasco,1
Manchego,1
puy,1
flank,1
aduki,1
chuck,1
saucisson,1
ratafia biscuits,1
Amaretto,1
